,country,unit_of_value,year,price
0,European Union - 27 countries (from 2020),euro/kg of oil equivalent,2000,6.248
1,European Union - 28 countries (2013-2020),euro/kg of oil equivalent,2000,6.313
2,Euro area - 19 countries  (from 2015),euro/kg of oil equivalent,2000,6.794
3,Belgium,euro/kg of oil equivalent,2000,4.730
4,Bulgaria,euro/kg of oil equivalent,2000,1.315
5,Czechia,euro/kg of oil equivalent,2000,2.793
6,Denmark,euro/kg of oil equivalent,2000,10.832
7,Germany (until 1990 former territory of the FRG),euro/kg of oil equivalent,2000,6.833
8,Estonia,euro/kg of oil equivalent,2000,2.193
9,Ireland,euro/kg of oil equivalent,2000,8.719
10,Greece,euro/kg of oil equivalent,2000,5.978
11,Spain,euro/kg of oil equivalent,2000,6.692
12,France,euro/kg of oil equivalent,2000,6.806
13,Croatia,euro/kg of oil equivalent,2000,4.161
14,Italy,euro/kg of oil equivalent,2000,8.865
15,Cyprus,euro/kg of oil equivalent,2000,5.344
16,Latvia,euro/kg of oil equivalent,2000,3.187
17,Lithuania,euro/kg of oil equivalent,2000,2.462
18,Luxembourg,euro/kg of oil equivalent,2000,8.420
19,Hungary,euro/kg of oil equivalent,2000,3.202
20,Malta,euro/kg of oil equivalent,2000,3.656
21,Netherlands,euro/kg of oil equivalent,2000,6.107
22,Austria,euro/kg of oil equivalent,2000,8.688
23,Poland,euro/kg of oil equivalent,2000,2.757
24,Portugal,euro/kg of oil equivalent,2000,6.413
25,Romania,euro/kg of oil equivalent,2000,2.257
26,Slovenia,euro/kg of oil equivalent,2000,4.240
27,Slovakia,euro/kg of oil equivalent,2000,2.368
28,Finland,euro/kg of oil equivalent,2000,4.722
29,Sweden,euro/kg of oil equivalent,2000,6.141
30,Iceland,euro/kg of oil equivalent,2000,2.349
31,Norway,euro/kg of oil equivalent,2000,10.490
32,Switzerland,euro/kg of oil equivalent,2000,:
33,United Kingdom,euro/kg of oil equivalent,2000,6.789
34,Montenegro,euro/kg of oil equivalent,2000,:
35,North Macedonia,euro/kg of oil equivalent,2000,1.965
36,Albania,euro/kg of oil equivalent,2000,:
37,Serbia,euro/kg of oil equivalent,2000,1.470
38,Turkey,euro/kg of oil equivalent,2000,5.072
39,Bosnia and Herzegovina,euro/kg of oil equivalent,2000,:
40,Kosovo (under United Nations Security Council Resolution 1244/99),euro/kg of oil equivalent,2000,:
41,European Union - 27 countries (from 2020),PPS/kg of oil equivalent,2000,5.114
42,European Union - 28 countries (2013-2020),PPS/kg of oil equivalent,2000,5.164
43,Euro area - 19 countries  (from 2015),PPS/kg of oil equivalent,2000,5.408
44,Belgium,PPS/kg of oil equivalent,2000,3.652
45,Bulgaria,PPS/kg of oil equivalent,2000,2.331
46,Czechia,PPS/kg of oil equivalent,2000,3.350
47,Denmark,PPS/kg of oil equivalent,2000,6.114
48,Germany (until 1990 former territory of the FRG),PPS/kg of oil equivalent,2000,5.390
49,Estonia,PPS/kg of oil equivalent,2000,2.263
50,Ireland,PPS/kg of oil equivalent,2000,6.568
51,Greece,PPS/kg of oil equivalent,2000,5.561
52,Spain,PPS/kg of oil equivalent,2000,5.593
53,France,PPS/kg of oil equivalent,2000,5.100
54,Croatia,PPS/kg of oil equivalent,2000,4.642
55,Italy,PPS/kg of oil equivalent,2000,7.268
56,Cyprus,PPS/kg of oil equivalent,2000,4.694
57,Latvia,PPS/kg of oil equivalent,2000,4.078
58,Lithuania,PPS/kg of oil equivalent,2000,3.299
59,Luxembourg,PPS/kg of oil equivalent,2000,5.485
60,Hungary,PPS/kg of oil equivalent,2000,3.985
61,Malta,PPS/kg of oil equivalent,2000,4.054
62,Netherlands,PPS/kg of oil equivalent,2000,4.611
63,Austria,PPS/kg of oil equivalent,2000,6.685
64,Poland,PPS/kg of oil equivalent,2000,3.789
65,Portugal,PPS/kg of oil equivalent,2000,6.195
66,Romania,PPS/kg of oil equivalent,2000,2.966
67,Slovenia,PPS/kg of oil equivalent,2000,4.533
68,Slovakia,PPS/kg of oil equivalent,2000,2.872
69,Finland,PPS/kg of oil equivalent,2000,3.444
70,Sweden,PPS/kg of oil equivalent,2000,4.449
71,Iceland,PPS/kg of oil equivalent,2000,2.034
72,Norway,PPS/kg of oil equivalent,2000,5.220
73,Switzerland,PPS/kg of oil equivalent,2000,:
74,United Kingdom,PPS/kg of oil equivalent,2000,5.490
75,Montenegro,PPS/kg of oil equivalent,2000,:
76,North Macedonia,PPS/kg of oil equivalent,2000,3.837
77,Albania,PPS/kg of oil equivalent,2000,5.363
78,Serbia,PPS/kg of oil equivalent,2000,2.769
79,Turkey,PPS/kg of oil equivalent,2000,6.510
80,Bosnia and Herzegovina,PPS/kg of oil equivalent,2000,:
81,Kosovo (under United Nations Security Council Resolution 1244/99),PPS/kg of oil equivalent,2000,:
82,European Union - 27 countries (from 2020),euro/kg of oil equivalent,2001,6.223
83,European Union - 28 countries (2013-2020),euro/kg of oil equivalent,2001,6.312
84,Euro area - 19 countries  (from 2015),euro/kg of oil equivalent,2001,6.768
85,Belgium,euro/kg of oil equivalent,2001,4.829
86,Bulgaria,euro/kg of oil equivalent,2001,1.306
87,Czechia,euro/kg of oil equivalent,2001,2.805
88,Denmark,euro/kg of oil equivalent,2001,10.728
89,Germany (until 1990 former territory of the FRG),euro/kg of oil equivalent,2001,6.754
90,Estonia,euro/kg of oil equivalent,2001,2.234
91,Ireland,euro/kg of oil equivalent,2001,8.711
92,Greece,euro/kg of oil equivalent,2001,6.076
93,Spain,euro/kg of oil equivalent,2001,6.749
94,France,euro/kg of oil equivalent,2001,6.731
95,Croatia,euro/kg of oil equivalent,2001,4.122
96,Italy,euro/kg of oil equivalent,2001,9.015
97,Cyprus,euro/kg of oil equivalent,2001,5.503
98,Latvia,euro/kg of oil equivalent,2001,3.025
99,Lithuania,euro/kg of oil equivalent,2001,2.296
100,Luxembourg,euro/kg of oil equivalent,2001,8.185
101,Hungary,euro/kg of oil equivalent,2001,3.256
102,Malta,euro/kg of oil equivalent,2001,3.283
103,Netherlands,euro/kg of oil equivalent,2001,6.041
104,Austria,euro/kg of oil equivalent,2001,8.340
105,Poland,euro/kg of oil equivalent,2001,2.773
106,Portugal,euro/kg of oil equivalent,2001,6.541
107,Romania,euro/kg of oil equivalent,2001,2.359
108,Slovenia,euro/kg of oil equivalent,2001,4.117
109,Slovakia,euro/kg of oil equivalent,2001,2.344
110,Finland,euro/kg of oil equivalent,2001,4.739
111,Sweden,euro/kg of oil equivalent,2001,5.875
112,Iceland,euro/kg of oil equivalent,2001,2.544
113,Norway,euro/kg of oil equivalent,2001,10.066
114,Switzerland,euro/kg of oil equivalent,2001,:
115,United Kingdom,euro/kg of oil equivalent,2001,6.949
116,Montenegro,euro/kg of oil equivalent,2001,:
117,North Macedonia,euro/kg of oil equivalent,2001,1.976
118,Albania,euro/kg of oil equivalent,2001,:
119,Serbia,euro/kg of oil equivalent,2001,1.441
120,Turkey,euro/kg of oil equivalent,2001,5.212
121,Bosnia and Herzegovina,euro/kg of oil equivalent,2001,:
122,Kosovo (under United Nations Security Council Resolution 1244/99),euro/kg of oil equivalent,2001,:
123,European Union - 27 countries (from 2020),PPS/kg of oil equivalent,2001,5.223
124,European Union - 28 countries (2013-2020),PPS/kg of oil equivalent,2001,5.291
125,Euro area - 19 countries  (from 2015),PPS/kg of oil equivalent,2001,5.520
126,Belgium,PPS/kg of oil equivalent,2001,3.821
127,Bulgaria,PPS/kg of oil equivalent,2001,2.360
128,Czechia,PPS/kg of oil equivalent,2001,3.518
129,Denmark,PPS/kg of oil equivalent,2001,6.170
130,Germany (until 1990 former territory of the FRG),PPS/kg of oil equivalent,2001,5.455
131,Estonia,PPS/kg of oil equivalent,2001,2.357
132,Ireland,PPS/kg of oil equivalent,2001,6.804
133,Greece,PPS/kg of oil equivalent,2001,5.839
134,Spain,PPS/kg of oil equivalent,2001,5.791
135,France,PPS/kg of oil equivalent,2001,5.231
136,Croatia,PPS/kg of oil equivalent,2001,4.674
137,Italy,PPS/kg of oil equivalent,2001,7.485
138,Cyprus,PPS/kg of oil equivalent,2001,5.031
139,Latvia,PPS/kg of oil equivalent,2001,4.028
140,Lithuania,PPS/kg of oil equivalent,2001,3.190
141,Luxembourg,PPS/kg of oil equivalent,2001,5.295
142,Hungary,PPS/kg of oil equivalent,2001,4.314
143,Malta,PPS/kg of oil equivalent,2001,3.731
144,Netherlands,PPS/kg of oil equivalent,2001,4.660
145,Austria,PPS/kg of oil equivalent,2001,6.410
146,Poland,PPS/kg of oil equivalent,2001,3.907
147,Portugal,PPS/kg of oil equivalent,2001,6.435
148,Romania,PPS/kg of oil equivalent,2001,3.228
149,Slovenia,PPS/kg of oil equivalent,2001,4.480
150,Slovakia,PPS/kg of oil equivalent,2001,2.981
151,Finland,PPS/kg of oil equivalent,2001,3.491
152,Sweden,PPS/kg of oil equivalent,2001,4.236
153,Iceland,PPS/kg of oil equivalent,2001,2.289
154,Norway,PPS/kg of oil equivalent,2001,5.025
155,Switzerland,PPS/kg of oil equivalent,2001,:
156,United Kingdom,PPS/kg of oil equivalent,2001,5.743
157,Montenegro,PPS/kg of oil equivalent,2001,:
158,North Macedonia,PPS/kg of oil equivalent,2001,3.918
159,Albania,PPS/kg of oil equivalent,2001,5.776
160,Serbia,PPS/kg of oil equivalent,2001,2.722
161,Turkey,PPS/kg of oil equivalent,2001,6.921
162,Bosnia and Herzegovina,PPS/kg of oil equivalent,2001,:
163,Kosovo (under United Nations Security Council Resolution 1244/99),PPS/kg of oil equivalent,2001,:
164,European Union - 27 countries (from 2020),euro/kg of oil equivalent,2002,6.276
165,European Union - 28 countries (2013-2020),euro/kg of oil equivalent,2002,6.392
166,Euro area - 19 countries  (from 2015),euro/kg of oil equivalent,2002,6.817
167,Belgium,euro/kg of oil equivalent,2002,4.953
168,Bulgaria,euro/kg of oil equivalent,2002,1.417
169,Czechia,euro/kg of oil equivalent,2002,2.811
170,Denmark,euro/kg of oil equivalent,2002,11.036
171,Germany (until 1990 former territory of the FRG),euro/kg of oil equivalent,2002,6.889
172,Estonia,euro/kg of oil equivalent,2002,2.480
173,Ireland,euro/kg of oil equivalent,2002,9.087
174,Greece,euro/kg of oil equivalent,2002,6.293
175,Spain,euro/kg of oil equivalent,2002,6.744
176,France,euro/kg of oil equivalent,2002,6.793
177,Croatia,euro/kg of oil equivalent,2002,4.235
178,Italy,euro/kg of oil equivalent,2002,8.967
179,Cyprus,euro/kg of oil equivalent,2002,5.786
180,Latvia,euro/kg of oil equivalent,2002,3.252
181,Lithuania,euro/kg of oil equivalent,2002,2.291
182,Luxembourg,euro/kg of oil equivalent,2002,8.151
183,Hungary,euro/kg of oil equivalent,2002,3.412
184,Malta,euro/kg of oil equivalent,2002,3.451
185,Netherlands,euro/kg of oil equivalent,2002,6.005
186,Austria,euro/kg of oil equivalent,2002,8.429
187,Poland,euro/kg of oil equivalent,2002,2.862
188,Portugal,euro/kg of oil equivalent,2002,6.333
189,Romania,euro/kg of oil equivalent,2002,2.408
190,Slovenia,euro/kg of oil equivalent,2002,4.253
191,Slovakia,euro/kg of oil equivalent,2002,2.430
192,Finland,euro/kg of oil equivalent,2002,4.575
193,Sweden,euro/kg of oil equivalent,2002,5.903
194,Iceland,euro/kg of oil equivalent,2002,2.479
195,Norway,euro/kg of oil equivalent,2002,11.068
196,Switzerland,euro/kg of oil equivalent,2002,:
197,United Kingdom,euro/kg of oil equivalent,2002,7.206
198,Montenegro,euro/kg of oil equivalent,2002,:
199,North Macedonia,euro/kg of oil equivalent,2002,2.041
200,Albania,euro/kg of oil equivalent,2002,:
201,Serbia,euro/kg of oil equivalent,2002,1.436
202,Turkey,euro/kg of oil equivalent,2002,5.221
203,Bosnia and Herzegovina,euro/kg of oil equivalent,2002,:
204,Kosovo (under United Nations Security Council Resolution 1244/99),euro/kg of oil equivalent,2002,:
205,European Union - 27 countries (from 2020),PPS/kg of oil equivalent,2002,5.400
206,European Union - 28 countries (2013-2020),PPS/kg of oil equivalent,2002,5.485
207,Euro area - 19 countries  (from 2015),PPS/kg of oil equivalent,2002,5.698
208,Belgium,PPS/kg of oil equivalent,2002,4.032
209,Bulgaria,PPS/kg of oil equivalent,2002,2.620
210,Czechia,PPS/kg of oil equivalent,2002,3.553
211,Denmark,PPS/kg of oil equivalent,2002,6.532
212,Germany (until 1990 former territory of the FRG),PPS/kg of oil equivalent,2002,5.687
213,Estonia,PPS/kg of oil equivalent,2002,2.725
214,Ireland,PPS/kg of oil equivalent,2002,7.301
215,Greece,PPS/kg of oil equivalent,2002,6.241
216,Spain,PPS/kg of oil equivalent,2002,6.007
217,France,PPS/kg of oil equivalent,2002,5.401
218,Croatia,PPS/kg of oil equivalent,2002,4.930
219,Italy,PPS/kg of oil equivalent,2002,7.549
220,Cyprus,PPS/kg of oil equivalent,2002,5.263
221,Latvia,PPS/kg of oil equivalent,2002,4.412
222,Lithuania,PPS/kg of oil equivalent,2002,3.253
223,Luxembourg,PPS/kg of oil equivalent,2002,5.345
224,Hungary,PPS/kg of oil equivalent,2002,4.687
225,Malta,PPS/kg of oil equivalent,2002,4.038
226,Netherlands,PPS/kg of oil equivalent,2002,4.782
227,Austria,PPS/kg of oil equivalent,2002,6.656
228,Poland,PPS/kg of oil equivalent,2002,4.152
229,Portugal,PPS/kg of oil equivalent,2002,6.417
230,Romania,PPS/kg of oil equivalent,2002,3.329
231,Slovenia,PPS/kg of oil equivalent,2002,4.735
232,Slovakia,PPS/kg of oil equivalent,2002,3.147
233,Finland,PPS/kg of oil equivalent,2002,3.385
234,Sweden,PPS/kg of oil equivalent,2002,4.275
235,Iceland,PPS/kg of oil equivalent,2002,2.266
236,Norway,PPS/kg of oil equivalent,2002,5.453
237,Switzerland,PPS/kg of oil equivalent,2002,:
238,United Kingdom,PPS/kg of oil equivalent,2002,6.063
239,Montenegro,PPS/kg of oil equivalent,2002,:
240,North Macedonia,PPS/kg of oil equivalent,2002,4.142
241,Albania,PPS/kg of oil equivalent,2002,5.596
242,Serbia,PPS/kg of oil equivalent,2002,2.811
243,Turkey,PPS/kg of oil equivalent,2002,6.629
244,Bosnia and Herzegovina,PPS/kg of oil equivalent,2002,:
245,Kosovo (under United Nations Security Council Resolution 1244/99),PPS/kg of oil equivalent,2002,:
246,European Union - 27 countries (from 2020),euro/kg of oil equivalent,2003,6.177
247,European Union - 28 countries (2013-2020),euro/kg of oil equivalent,2003,6.324
248,Euro area - 19 countries  (from 2015),euro/kg of oil equivalent,2003,6.698
249,Belgium,euro/kg of oil equivalent,2003,4.767
250,Bulgaria,euro/kg of oil equivalent,2003,1.451
251,Czechia,euro/kg of oil equivalent,2003,2.788
252,Denmark,euro/kg of oil equivalent,2003,10.493
253,Germany (until 1990 former territory of the FRG),euro/kg of oil equivalent,2003,6.820
254,Estonia,euro/kg of oil equivalent,2003,2.421
255,Ireland,euro/kg of oil equivalent,2003,9.762
256,Greece,euro/kg of oil equivalent,2003,6.484
257,Spain,euro/kg of oil equivalent,2003,6.716
258,France,euro/kg of oil equivalent,2003,6.686
259,Croatia,euro/kg of oil equivalent,2003,4.183
260,Italy,euro/kg of oil equivalent,2003,8.558
261,Cyprus,euro/kg of oil equivalent,2003,5.513
262,Latvia,euro/kg of oil equivalent,2003,3.339
263,Lithuania,euro/kg of oil equivalent,2003,2.430
264,Luxembourg,euro/kg of oil equivalent,2003,7.860
265,Hungary,euro/kg of oil equivalent,2003,3.478
266,Malta,euro/kg of oil equivalent,2003,3.090
267,Netherlands,euro/kg of oil equivalent,2003,5.894
268,Austria,euro/kg of oil equivalent,2003,8.083
269,Poland,euro/kg of oil equivalent,2003,2.886
270,Portugal,euro/kg of oil equivalent,2003,6.417
271,Romania,euro/kg of oil equivalent,2003,2.365
272,Slovenia,euro/kg of oil equivalent,2003,4.309
273,Slovakia,euro/kg of oil equivalent,2003,2.578
274,Finland,euro/kg of oil equivalent,2003,4.431
275,Sweden,euro/kg of oil equivalent,2003,6.121
276,Iceland,euro/kg of oil equivalent,2003,2.529
277,Norway,euro/kg of oil equivalent,2003,10.392
278,Switzerland,euro/kg of oil equivalent,2003,:
279,United Kingdom,euro/kg of oil equivalent,2003,7.308
280,Montenegro,euro/kg of oil equivalent,2003,:
281,North Macedonia,euro/kg of oil equivalent,2003,1.914
282,Albania,euro/kg of oil equivalent,2003,:
283,Serbia,euro/kg of oil equivalent,2003,1.426
284,Turkey,euro/kg of oil equivalent,2003,5.212
285,Bosnia and Herzegovina,euro/kg of oil equivalent,2003,:
286,Kosovo (under United Nations Security Council Resolution 1244/99),euro/kg of oil equivalent,2003,:
287,European Union - 27 countries (from 2020),PPS/kg of oil equivalent,2003,5.411
288,European Union - 28 countries (2013-2020),PPS/kg of oil equivalent,2003,5.518
289,Euro area - 19 countries  (from 2015),PPS/kg of oil equivalent,2003,5.694
290,Belgium,PPS/kg of oil equivalent,2003,3.946
291,Bulgaria,PPS/kg of oil equivalent,2003,2.740
292,Czechia,PPS/kg of oil equivalent,2003,3.647
293,Denmark,PPS/kg of oil equivalent,2003,6.249
294,Germany (until 1990 former territory of the FRG),PPS/kg of oil equivalent,2003,5.825
295,Estonia,PPS/kg of oil equivalent,2003,2.771
296,Ireland,PPS/kg of oil equivalent,2003,7.986
297,Greece,PPS/kg of oil equivalent,2003,6.448
298,Spain,PPS/kg of oil equivalent,2003,6.089
299,France,PPS/kg of oil equivalent,2003,5.253
300,Croatia,PPS/kg of oil equivalent,2003,4.953
301,Italy,PPS/kg of oil equivalent,2003,7.354
302,Cyprus,PPS/kg of oil equivalent,2003,5.106
303,Latvia,PPS/kg of oil equivalent,2003,4.544
304,Lithuania,PPS/kg of oil equivalent,2003,3.570
305,Luxembourg,PPS/kg of oil equivalent,2003,5.259
306,Hungary,PPS/kg of oil equivalent,2003,4.886
307,Malta,PPS/kg of oil equivalent,2003,3.740
308,Netherlands,PPS/kg of oil equivalent,2003,4.675
309,Austria,PPS/kg of oil equivalent,2003,6.562
310,Poland,PPS/kg of oil equivalent,2003,4.216
311,Portugal,PPS/kg of oil equivalent,2003,6.759
312,Romania,PPS/kg of oil equivalent,2003,3.354
313,Slovenia,PPS/kg of oil equivalent,2003,4.872
314,Slovakia,PPS/kg of oil equivalent,2003,3.373
315,Finland,PPS/kg of oil equivalent,2003,3.278
316,Sweden,PPS/kg of oil equivalent,2003,4.481
317,Iceland,PPS/kg of oil equivalent,2003,2.290
318,Norway,PPS/kg of oil equivalent,2003,5.195
319,Switzerland,PPS/kg of oil equivalent,2003,:
320,United Kingdom,PPS/kg of oil equivalent,2003,6.250
321,Montenegro,PPS/kg of oil equivalent,2003,:
322,North Macedonia,PPS/kg of oil equivalent,2003,3.940
323,Albania,PPS/kg of oil equivalent,2003,6.117
324,Serbia,PPS/kg of oil equivalent,2003,2.828
325,Turkey,PPS/kg of oil equivalent,2003,6.560
326,Bosnia and Herzegovina,PPS/kg of oil equivalent,2003,:
327,Kosovo (under United Nations Security Council Resolution 1244/99),PPS/kg of oil equivalent,2003,:
328,European Union - 27 countries (from 2020),euro/kg of oil equivalent,2004,6.244
329,European Union - 28 countries (2013-2020),euro/kg of oil equivalent,2004,6.408
330,Euro area - 19 countries  (from 2015),euro/kg of oil equivalent,2004,6.744
331,Belgium,euro/kg of oil equivalent,2004,4.906
332,Bulgaria,euro/kg of oil equivalent,2004,1.587
333,Czechia,euro/kg of oil equivalent,2004,2.850
334,Denmark,euro/kg of oil equivalent,2004,11.145
335,Germany (until 1990 former territory of the FRG),euro/kg of oil equivalent,2004,6.850
336,Estonia,euro/kg of oil equivalent,2004,2.519
337,Ireland,euro/kg of oil equivalent,2004,10.193
338,Greece,euro/kg of oil equivalent,2004,6.701
339,Spain,euro/kg of oil equivalent,2004,6.630
340,France,euro/kg of oil equivalent,2004,6.761
341,Croatia,euro/kg of oil equivalent,2004,4.353
342,Italy,euro/kg of oil equivalent,2004,8.617
343,Cyprus,euro/kg of oil equivalent,2004,6.323
344,Latvia,euro/kg of oil equivalent,2004,3.526
345,Lithuania,euro/kg of oil equivalent,2004,2.555
346,Luxembourg,euro/kg of oil equivalent,2004,7.333
347,Hungary,euro/kg of oil equivalent,2004,3.634
348,Malta,euro/kg of oil equivalent,2004,2.947
349,Netherlands,euro/kg of oil equivalent,2004,5.881
350,Austria,euro/kg of oil equivalent,2004,8.151
351,Poland,euro/kg of oil equivalent,2004,3.020
352,Portugal,euro/kg of oil equivalent,2004,6.313
353,Romania,euro/kg of oil equivalent,2004,2.650
354,Slovenia,euro/kg of oil equivalent,2004,4.376
355,Slovakia,euro/kg of oil equivalent,2004,2.756
356,Finland,euro/kg of oil equivalent,2004,4.570
357,Sweden,euro/kg of oil equivalent,2004,6.111
358,Iceland,euro/kg of oil equivalent,2004,2.735
359,Norway,euro/kg of oil equivalent,2004,10.209
360,Switzerland,euro/kg of oil equivalent,2004,:
361,United Kingdom,euro/kg of oil equivalent,2004,7.533
362,Montenegro,euro/kg of oil equivalent,2004,:
363,North Macedonia,euro/kg of oil equivalent,2004,2.023
364,Albania,euro/kg of oil equivalent,2004,:
365,Serbia,euro/kg of oil equivalent,2004,1.426
366,Turkey,euro/kg of oil equivalent,2004,5.541
367,Bosnia and Herzegovina,euro/kg of oil equivalent,2004,:
368,Kosovo (under United Nations Security Council Resolution 1244/99),euro/kg of oil equivalent,2004,:
369,European Union - 27 countries (from 2020),PPS/kg of oil equivalent,2004,5.579
370,European Union - 28 countries (2013-2020),PPS/kg of oil equivalent,2004,5.713
371,Euro area - 19 countries  (from 2015),PPS/kg of oil equivalent,2004,5.827
372,Belgium,PPS/kg of oil equivalent,2004,4.062
373,Bulgaria,PPS/kg of oil equivalent,2004,3.040
374,Czechia,PPS/kg of oil equivalent,2004,3.792
375,Denmark,PPS/kg of oil equivalent,2004,6.894
376,Germany (until 1990 former territory of the FRG),PPS/kg of oil equivalent,2004,6.027
377,Estonia,PPS/kg of oil equivalent,2004,2.955
378,Ireland,PPS/kg of oil equivalent,2004,8.447
379,Greece,PPS/kg of oil equivalent,2004,6.742
380,Spain,PPS/kg of oil equivalent,2004,6.160
381,France,PPS/kg of oil equivalent,2004,5.342
382,Croatia,PPS/kg of oil equivalent,2004,5.283
383,Italy,PPS/kg of oil equivalent,2004,7.403
384,Cyprus,PPS/kg of oil equivalent,2004,6.010
385,Latvia,PPS/kg of oil equivalent,2004,4.830
386,Lithuania,PPS/kg of oil equivalent,2004,3.742
387,Luxembourg,PPS/kg of oil equivalent,2004,5.098
388,Hungary,PPS/kg of oil equivalent,2004,5.074
389,Malta,PPS/kg of oil equivalent,2004,3.673
390,Netherlands,PPS/kg of oil equivalent,2004,4.790
391,Austria,PPS/kg of oil equivalent,2004,6.776
392,Poland,PPS/kg of oil equivalent,2004,4.541
393,Portugal,PPS/kg of oil equivalent,2004,6.712
394,Romania,PPS/kg of oil equivalent,2004,4.005
395,Slovenia,PPS/kg of oil equivalent,2004,5.089
396,Slovakia,PPS/kg of oil equivalent,2004,3.660
397,Finland,PPS/kg of oil equivalent,2004,3.484
398,Sweden,PPS/kg of oil equivalent,2004,4.559
399,Iceland,PPS/kg of oil equivalent,2004,2.512
400,Norway,PPS/kg of oil equivalent,2004,5.417
401,Switzerland,PPS/kg of oil equivalent,2004,:
402,United Kingdom,PPS/kg of oil equivalent,2004,6.651
403,Montenegro,PPS/kg of oil equivalent,2004,:
404,North Macedonia,PPS/kg of oil equivalent,2004,4.316
405,Albania,PPS/kg of oil equivalent,2004,5.996
406,Serbia,PPS/kg of oil equivalent,2004,2.859
407,Turkey,PPS/kg of oil equivalent,2004,7.254
408,Bosnia and Herzegovina,PPS/kg of oil equivalent,2004,:
409,Kosovo (under United Nations Security Council Resolution 1244/99),PPS/kg of oil equivalent,2004,:
410,European Union - 27 countries (from 2020),euro/kg of oil equivalent,2005,6.333
411,European Union - 28 countries (2013-2020),euro/kg of oil equivalent,2005,6.509
412,Euro area - 19 countries  (from 2015),euro/kg of oil equivalent,2005,6.826
413,Belgium,euro/kg of oil equivalent,2005,5.051
414,Bulgaria,euro/kg of oil equivalent,2005,1.607
415,Czechia,euro/kg of oil equivalent,2005,3.068
416,Denmark,euro/kg of oil equivalent,2005,11.684
417,Germany (until 1990 former territory of the FRG),euro/kg of oil equivalent,2005,6.930
418,Estonia,euro/kg of oil equivalent,2005,2.807
419,Ireland,euro/kg of oil equivalent,2005,10.547
420,Greece,euro/kg of oil equivalent,2005,6.715
421,Spain,euro/kg of oil equivalent,2005,6.711
422,France,euro/kg of oil equivalent,2005,6.846
423,Croatia,euro/kg of oil equivalent,2005,4.466
424,Italy,euro/kg of oil equivalent,2005,8.528
425,Cyprus,euro/kg of oil equivalent,2005,6.004
426,Latvia,euro/kg of oil equivalent,2005,3.775
427,Lithuania,euro/kg of oil equivalent,2005,2.898
428,Luxembourg,euro/kg of oil equivalent,2005,7.415
429,Hungary,euro/kg of oil equivalent,2005,3.513
430,Malta,euro/kg of oil equivalent,2005,3.674
431,Netherlands,euro/kg of oil equivalent,2005,6.009
432,Austria,euro/kg of oil equivalent,2005,8.060
433,Poland,euro/kg of oil equivalent,2005,3.087
434,Portugal,euro/kg of oil equivalent,2005,6.224
435,Romania,euro/kg of oil equivalent,2005,2.821
436,Slovenia,euro/kg of oil equivalent,2005,4.370
437,Slovakia,euro/kg of oil equivalent,2005,2.870
438,Finland,euro/kg of oil equivalent,2005,5.082
439,Sweden,euro/kg of oil equivalent,2005,6.430
440,Iceland,euro/kg of oil equivalent,2005,2.855
441,Norway,euro/kg of oil equivalent,2005,10.167
442,Switzerland,euro/kg of oil equivalent,2005,:
443,United Kingdom,euro/kg of oil equivalent,2005,7.704
444,Montenegro,euro/kg of oil equivalent,2005,:
445,North Macedonia,euro/kg of oil equivalent,2005,2.000
446,Albania,euro/kg of oil equivalent,2005,:
447,Serbia,euro/kg of oil equivalent,2005,1.697
448,Turkey,euro/kg of oil equivalent,2005,5.796
449,Bosnia and Herzegovina,euro/kg of oil equivalent,2005,:
450,Kosovo (under United Nations Security Council Resolution 1244/99),euro/kg of oil equivalent,2005,:
451,European Union - 27 countries (from 2020),PPS/kg of oil equivalent,2005,5.792
452,European Union - 28 countries (2013-2020),PPS/kg of oil equivalent,2005,5.919
453,Euro area - 19 countries  (from 2015),PPS/kg of oil equivalent,2005,6.047
454,Belgium,PPS/kg of oil equivalent,2005,4.262
455,Bulgaria,PPS/kg of oil equivalent,2005,3.196
456,Czechia,PPS/kg of oil equivalent,2005,4.057
457,Denmark,PPS/kg of oil equivalent,2005,7.359
458,Germany (until 1990 former territory of the FRG),PPS/kg of oil equivalent,2005,6.153
459,Estonia,PPS/kg of oil equivalent,2005,3.428
460,Ireland,PPS/kg of oil equivalent,2005,8.848
461,Greece,PPS/kg of oil equivalent,2005,6.783
462,Spain,PPS/kg of oil equivalent,2005,6.476
463,France,PPS/kg of oil equivalent,2005,5.640
464,Croatia,PPS/kg of oil equivalent,2005,5.486
465,Italy,PPS/kg of oil equivalent,2005,7.462
466,Cyprus,PPS/kg of oil equivalent,2005,5.922
467,Latvia,PPS/kg of oil equivalent,2005,5.247
468,Lithuania,PPS/kg of oil equivalent,2005,4.327
469,Luxembourg,PPS/kg of oil equivalent,2005,5.411
470,Hungary,PPS/kg of oil equivalent,2005,4.947
471,Malta,PPS/kg of oil equivalent,2005,4.627
472,Netherlands,PPS/kg of oil equivalent,2005,5.063
473,Austria,PPS/kg of oil equivalent,2005,6.857
474,Poland,PPS/kg of oil equivalent,2005,4.675
475,Portugal,PPS/kg of oil equivalent,2005,6.977
476,Romania,PPS/kg of oil equivalent,2005,4.333
477,Slovenia,PPS/kg of oil equivalent,2005,5.152
478,Slovakia,PPS/kg of oil equivalent,2005,3.915
479,Finland,PPS/kg of oil equivalent,2005,3.895
480,Sweden,PPS/kg of oil equivalent,2005,4.747
481,Iceland,PPS/kg of oil equivalent,2005,2.637
482,Norway,PPS/kg of oil equivalent,2005,5.959
483,Switzerland,PPS/kg of oil equivalent,2005,:
484,United Kingdom,PPS/kg of oil equivalent,2005,6.806
485,Montenegro,PPS/kg of oil equivalent,2005,:
486,North Macedonia,PPS/kg of oil equivalent,2005,4.479
487,Albania,PPS/kg of oil equivalent,2005,6.426
488,Serbia,PPS/kg of oil equivalent,2005,3.486
489,Turkey,PPS/kg of oil equivalent,2005,7.731
490,Bosnia and Herzegovina,PPS/kg of oil equivalent,2005,:
491,Kosovo (under United Nations Security Council Resolution 1244/99),PPS/kg of oil equivalent,2005,:
492,European Union - 27 countries (from 2020),euro/kg of oil equivalent,2006,6.487
493,European Union - 28 countries (2013-2020),euro/kg of oil equivalent,2006,6.678
494,Euro area - 19 countries  (from 2015),euro/kg of oil equivalent,2006,7.002
495,Belgium,euro/kg of oil equivalent,2006,5.182
496,Bulgaria,euro/kg of oil equivalent,2006,1.666
497,Czechia,euro/kg of oil equivalent,2006,3.203
498,Denmark,euro/kg of oil equivalent,2006,11.239
499,Germany (until 1990 former territory of the FRG),euro/kg of oil equivalent,2006,6.981
500,Estonia,euro/kg of oil equivalent,2006,3.099
501,Ireland,euro/kg of oil equivalent,2006,10.998
502,Greece,euro/kg of oil equivalent,2006,7.021
503,Spain,euro/kg of oil equivalent,2006,6.979
504,France,euro/kg of oil equivalent,2006,7.114
505,Croatia,euro/kg of oil equivalent,2006,4.713
506,Italy,euro/kg of oil equivalent,2006,8.745
507,Cyprus,euro/kg of oil equivalent,2006,6.062
508,Latvia,euro/kg of oil equivalent,2006,4.132
509,Lithuania,euro/kg of oil equivalent,2006,3.153
510,Luxembourg,euro/kg of oil equivalent,2006,7.927
511,Hungary,euro/kg of oil equivalent,2006,3.694
512,Malta,euro/kg of oil equivalent,2006,3.554
513,Netherlands,euro/kg of oil equivalent,2006,6.193
514,Austria,euro/kg of oil equivalent,2006,8.265
515,Poland,euro/kg of oil equivalent,2006,3.111
516,Portugal,euro/kg of oil equivalent,2006,6.624
517,Romania,euro/kg of oil equivalent,2006,2.940
518,Slovenia,euro/kg of oil equivalent,2006,4.647
519,Slovakia,euro/kg of oil equivalent,2006,3.140
520,Finland,euro/kg of oil equivalent,2006,4.854
521,Sweden,euro/kg of oil equivalent,2006,6.878
522,Iceland,euro/kg of oil equivalent,2006,2.466
523,Norway,euro/kg of oil equivalent,2006,10.362
524,Switzerland,euro/kg of oil equivalent,2006,:
525,United Kingdom,euro/kg of oil equivalent,2006,8.020
526,Montenegro,euro/kg of oil equivalent,2006,:
527,North Macedonia,euro/kg of oil equivalent,2006,2.073
528,Albania,euro/kg of oil equivalent,2006,:
529,Serbia,euro/kg of oil equivalent,2006,1.678
530,Turkey,euro/kg of oil equivalent,2006,5.642
531,Bosnia and Herzegovina,euro/kg of oil equivalent,2006,:
532,Kosovo (under United Nations Security Council Resolution 1244/99),euro/kg of oil equivalent,2006,:
533,European Union - 27 countries (from 2020),PPS/kg of oil equivalent,2006,6.065
534,European Union - 28 countries (2013-2020),PPS/kg of oil equivalent,2006,6.203
535,Euro area - 19 countries  (from 2015),PPS/kg of oil equivalent,2006,6.339
536,Belgium,PPS/kg of oil equivalent,2006,4.428
537,Bulgaria,PPS/kg of oil equivalent,2006,3.314
538,Czechia,PPS/kg of oil equivalent,2006,4.181
539,Denmark,PPS/kg of oil equivalent,2006,7.253
540,Germany (until 1990 former territory of the FRG),PPS/kg of oil equivalent,2006,6.219
541,Estonia,PPS/kg of oil equivalent,2006,3.871
542,Ireland,PPS/kg of oil equivalent,2006,9.582
543,Greece,PPS/kg of oil equivalent,2006,7.294
544,Spain,PPS/kg of oil equivalent,2006,7.106
545,France,PPS/kg of oil equivalent,2006,5.952
546,Croatia,PPS/kg of oil equivalent,2006,6.103
547,Italy,PPS/kg of oil equivalent,2006,7.882
548,Cyprus,PPS/kg of oil equivalent,2006,6.092
549,Latvia,PPS/kg of oil equivalent,2006,5.622
550,Lithuania,PPS/kg of oil equivalent,2006,4.755
551,Luxembourg,PPS/kg of oil equivalent,2006,6.205
552,Hungary,PPS/kg of oil equivalent,2006,5.212
553,Malta,PPS/kg of oil equivalent,2006,4.447
554,Netherlands,PPS/kg of oil equivalent,2006,5.344
555,Austria,PPS/kg of oil equivalent,2006,7.131
556,Poland,PPS/kg of oil equivalent,2006,4.695
557,Portugal,PPS/kg of oil equivalent,2006,7.717
558,Romania,PPS/kg of oil equivalent,2006,4.855
559,Slovenia,PPS/kg of oil equivalent,2006,5.439
560,Slovakia,PPS/kg of oil equivalent,2006,4.357
561,Finland,PPS/kg of oil equivalent,2006,3.745
562,Sweden,PPS/kg of oil equivalent,2006,5.217
563,Iceland,PPS/kg of oil equivalent,2006,2.265
564,Norway,PPS/kg of oil equivalent,2006,6.576
565,Switzerland,PPS/kg of oil equivalent,2006,:
566,United Kingdom,PPS/kg of oil equivalent,2006,7.183
567,Montenegro,PPS/kg of oil equivalent,2006,4.438
568,North Macedonia,PPS/kg of oil equivalent,2006,4.752
569,Albania,PPS/kg of oil equivalent,2006,7.157
570,Serbia,PPS/kg of oil equivalent,2006,3.524
571,Turkey,PPS/kg of oil equivalent,2006,7.922
572,Bosnia and Herzegovina,PPS/kg of oil equivalent,2006,:
573,Kosovo (under United Nations Security Council Resolution 1244/99),PPS/kg of oil equivalent,2006,:
574,European Union - 27 countries (from 2020),euro/kg of oil equivalent,2007,6.766
575,European Union - 28 countries (2013-2020),euro/kg of oil equivalent,2007,6.975
576,Euro area - 19 countries  (from 2015),euro/kg of oil equivalent,2007,7.302
577,Belgium,euro/kg of oil equivalent,2007,5.376
578,Bulgaria,euro/kg of oil equivalent,2007,1.810
579,Czechia,euro/kg of oil equivalent,2007,3.389
580,Denmark,euro/kg of oil equivalent,2007,11.552
581,Germany (until 1990 former territory of the FRG),euro/kg of oil equivalent,2007,7.548
582,Estonia,euro/kg of oil equivalent,2007,2.977
583,Ireland,euro/kg of oil equivalent,2007,11.194
584,Greece,euro/kg of oil equivalent,2007,7.230
585,Spain,euro/kg of oil equivalent,2007,7.100
586,France,euro/kg of oil equivalent,2007,7.353
587,Croatia,euro/kg of oil equivalent,2007,4.763
588,Italy,euro/kg of oil equivalent,2007,8.887
589,Cyprus,euro/kg of oil equivalent,2007,6.166
590,Latvia,euro/kg of oil equivalent,2007,4.454
591,Lithuania,euro/kg of oil equivalent,2007,3.246
592,Luxembourg,euro/kg of oil equivalent,2007,8.756
593,Hungary,euro/kg of oil equivalent,2007,3.784
594,Malta,euro/kg of oil equivalent,2007,3.493
595,Netherlands,euro/kg of oil equivalent,2007,6.420
596,Austria,euro/kg of oil equivalent,2007,8.721
597,Poland,euro/kg of oil equivalent,2007,3.345
598,Portugal,euro/kg of oil equivalent,2007,6.806
599,Romania,euro/kg of oil equivalent,2007,3.173
600,Slovenia,euro/kg of oil equivalent,2007,4.899
601,Slovakia,euro/kg of oil equivalent,2007,3.634
602,Finland,euro/kg of oil equivalent,2007,5.196
603,Sweden,euro/kg of oil equivalent,2007,7.152
604,Iceland,euro/kg of oil equivalent,2007,2.273
605,Norway,euro/kg of oil equivalent,2007,11.289
606,Switzerland,euro/kg of oil equivalent,2007,:
607,United Kingdom,euro/kg of oil equivalent,2007,8.484
608,Montenegro,euro/kg of oil equivalent,2007,2.633
609,North Macedonia,euro/kg of oil equivalent,2007,2.111
610,Albania,euro/kg of oil equivalent,2007,:
611,Serbia,euro/kg of oil equivalent,2007,1.836
612,Turkey,euro/kg of oil equivalent,2007,5.497
613,Bosnia and Herzegovina,euro/kg of oil equivalent,2007,:
614,Kosovo (under United Nations Security Council Resolution 1244/99),euro/kg of oil equivalent,2007,:
615,European Union - 27 countries (from 2020),PPS/kg of oil equivalent,2007,6.514
616,European Union - 28 countries (2013-2020),PPS/kg of oil equivalent,2007,6.647
617,Euro area - 19 countries  (from 2015),PPS/kg of oil equivalent,2007,6.780
618,Belgium,PPS/kg of oil equivalent,2007,4.626
619,Bulgaria,PPS/kg of oil equivalent,2007,3.741
620,Czechia,PPS/kg of oil equivalent,2007,4.599
621,Denmark,PPS/kg of oil equivalent,2007,7.701
622,Germany (until 1990 former territory of the FRG),PPS/kg of oil equivalent,2007,6.881
623,Estonia,PPS/kg of oil equivalent,2007,3.924
624,Ireland,PPS/kg of oil equivalent,2007,10.016
625,Greece,PPS/kg of oil equivalent,2007,7.439
626,Spain,PPS/kg of oil equivalent,2007,7.463
627,France,PPS/kg of oil equivalent,2007,6.309
628,Croatia,PPS/kg of oil equivalent,2007,6.464
629,Italy,PPS/kg of oil equivalent,2007,8.290
630,Cyprus,PPS/kg of oil equivalent,2007,6.555
631,Latvia,PPS/kg of oil equivalent,2007,6.246
632,Lithuania,PPS/kg of oil equivalent,2007,5.011
633,Luxembourg,PPS/kg of oil equivalent,2007,6.874
634,Hungary,PPS/kg of oil equivalent,2007,5.485
635,Malta,PPS/kg of oil equivalent,2007,4.469
636,Netherlands,PPS/kg of oil equivalent,2007,5.693
637,Austria,PPS/kg of oil equivalent,2007,7.569
638,Poland,PPS/kg of oil equivalent,2007,5.192
639,Portugal,PPS/kg of oil equivalent,2007,8.025
640,Romania,PPS/kg of oil equivalent,2007,5.670
641,Slovenia,PPS/kg of oil equivalent,2007,5.739
642,Slovakia,PPS/kg of oil equivalent,2007,5.072
643,Finland,PPS/kg of oil equivalent,2007,4.171
644,Sweden,PPS/kg of oil equivalent,2007,5.690
645,Iceland,PPS/kg of oil equivalent,2007,2.047
646,Norway,PPS/kg of oil equivalent,2007,7.210
647,Switzerland,PPS/kg of oil equivalent,2007,:
648,United Kingdom,PPS/kg of oil equivalent,2007,7.612
649,Montenegro,PPS/kg of oil equivalent,2007,5.296
650,North Macedonia,PPS/kg of oil equivalent,2007,4.866
651,Albania,PPS/kg of oil equivalent,2007,8.305
652,Serbia,PPS/kg of oil equivalent,2007,3.945
653,Turkey,PPS/kg of oil equivalent,2007,8.051
654,Bosnia and Herzegovina,PPS/kg of oil equivalent,2007,:
655,Kosovo (under United Nations Security Council Resolution 1244/99),PPS/kg of oil equivalent,2007,:
656,European Union - 27 countries (from 2020),euro/kg of oil equivalent,2008,6.826
657,European Union - 28 countries (2013-2020),euro/kg of oil equivalent,2008,7.032
658,Euro area - 19 countries  (from 2015),euro/kg of oil equivalent,2008,7.344
659,Belgium,euro/kg of oil equivalent,2008,5.234
660,Bulgaria,euro/kg of oil equivalent,2008,1.943
661,Czechia,euro/kg of oil equivalent,2008,3.545
662,Denmark,euro/kg of oil equivalent,2008,11.841
663,Germany (until 1990 former territory of the FRG),euro/kg of oil equivalent,2008,7.528
664,Estonia,euro/kg of oil equivalent,2008,2.914
665,Ireland,euro/kg of oil equivalent,2008,10.830
666,Greece,euro/kg of oil equivalent,2008,7.180
667,Spain,euro/kg of oil equivalent,2008,7.396
668,France,euro/kg of oil equivalent,2008,7.341
669,Croatia,euro/kg of oil equivalent,2008,4.972
670,Italy,euro/kg of oil equivalent,2008,8.917
671,Cyprus,euro/kg of oil equivalent,2008,6.126
672,Latvia,euro/kg of oil equivalent,2008,4.451
673,Lithuania,euro/kg of oil equivalent,2008,3.332
674,Luxembourg,euro/kg of oil equivalent,2008,8.636
675,Hungary,euro/kg of oil equivalent,2008,3.884
676,Malta,euro/kg of oil equivalent,2008,3.459
677,Netherlands,euro/kg of oil equivalent,2008,6.644
678,Austria,euro/kg of oil equivalent,2008,8.779
679,Poland,euro/kg of oil equivalent,2008,3.445
680,Portugal,euro/kg of oil equivalent,2008,6.978
681,Romania,euro/kg of oil equivalent,2008,3.482
682,Slovenia,euro/kg of oil equivalent,2008,4.801
683,Slovakia,euro/kg of oil equivalent,2008,3.730
684,Finland,euro/kg of oil equivalent,2008,5.453
685,Sweden,euro/kg of oil equivalent,2008,7.159
686,Iceland,euro/kg of oil equivalent,2008,2.018
687,Norway,euro/kg of oil equivalent,2008,9.836
688,Switzerland,euro/kg of oil equivalent,2008,:
689,United Kingdom,euro/kg of oil equivalent,2008,8.550
690,Montenegro,euro/kg of oil equivalent,2008,2.619
691,North Macedonia,euro/kg of oil equivalent,2008,2.276
692,Albania,euro/kg of oil equivalent,2008,:
693,Serbia,euro/kg of oil equivalent,2008,1.908
694,Turkey,euro/kg of oil equivalent,2008,5.659
695,Bosnia and Herzegovina,euro/kg of oil equivalent,2008,:
696,Kosovo (under United Nations Security Council Resolution 1244/99),euro/kg of oil equivalent,2008,1.648
697,European Union - 27 countries (from 2020),PPS/kg of oil equivalent,2008,6.740
698,European Union - 28 countries (2013-2020),PPS/kg of oil equivalent,2008,6.873
699,Euro area - 19 countries  (from 2015),PPS/kg of oil equivalent,2008,6.958
700,Belgium,PPS/kg of oil equivalent,2008,4.573
701,Bulgaria,PPS/kg of oil equivalent,2008,4.134
702,Czechia,PPS/kg of oil equivalent,2008,4.942
703,Denmark,PPS/kg of oil equivalent,2008,8.300
704,Germany (until 1990 former territory of the FRG),PPS/kg of oil equivalent,2008,6.946
705,Estonia,PPS/kg of oil equivalent,2008,4.081
706,Ireland,PPS/kg of oil equivalent,2008,9.618
707,Greece,PPS/kg of oil equivalent,2008,7.685
708,Spain,PPS/kg of oil equivalent,2008,7.882
709,France,PPS/kg of oil equivalent,2008,6.386
710,Croatia,PPS/kg of oil equivalent,2008,6.988
711,Italy,PPS/kg of oil equivalent,2008,8.645
712,Cyprus,PPS/kg of oil equivalent,2008,6.707
713,Latvia,PPS/kg of oil equivalent,2008,6.731
714,Lithuania,PPS/kg of oil equivalent,2008,5.291
715,Luxembourg,PPS/kg of oil equivalent,2008,7.086
716,Hungary,PPS/kg of oil equivalent,2008,5.933
717,Malta,PPS/kg of oil equivalent,2008,4.461
718,Netherlands,PPS/kg of oil equivalent,2008,6.010
719,Austria,PPS/kg of oil equivalent,2008,7.756
720,Poland,PPS/kg of oil equivalent,2008,5.494
721,Portugal,PPS/kg of oil equivalent,2008,8.364
722,Romania,PPS/kg of oil equivalent,2008,6.738
723,Slovenia,PPS/kg of oil equivalent,2008,5.743
724,Slovakia,PPS/kg of oil equivalent,2008,5.422
725,Finland,PPS/kg of oil equivalent,2008,4.543
726,Sweden,PPS/kg of oil equivalent,2008,5.840
727,Iceland,PPS/kg of oil equivalent,2008,1.878
728,Norway,PPS/kg of oil equivalent,2008,6.865
729,Switzerland,PPS/kg of oil equivalent,2008,:
730,United Kingdom,PPS/kg of oil equivalent,2008,7.855
731,Montenegro,PPS/kg of oil equivalent,2008,5.365
732,North Macedonia,PPS/kg of oil equivalent,2008,5.511
733,Albania,PPS/kg of oil equivalent,2008,8.793
734,Serbia,PPS/kg of oil equivalent,2008,4.269
735,Turkey,PPS/kg of oil equivalent,2008,8.829
736,Bosnia and Herzegovina,PPS/kg of oil equivalent,2008,:
737,Kosovo (under United Nations Security Council Resolution 1244/99),PPS/kg of oil equivalent,2008,:
738,European Union - 27 countries (from 2020),euro/kg of oil equivalent,2009,6.950
739,European Union - 28 countries (2013-2020),euro/kg of oil equivalent,2009,7.174
740,Euro area - 19 countries  (from 2015),euro/kg of oil equivalent,2009,7.445
741,Belgium,euro/kg of oil equivalent,2009,5.523
742,Bulgaria,euro/kg of oil equivalent,2009,2.129
743,Czechia,euro/kg of oil equivalent,2009,3.598
744,Denmark,euro/kg of oil equivalent,2009,12.060
745,Germany (until 1990 former territory of the FRG),euro/kg of oil equivalent,2009,7.591
746,Estonia,euro/kg of oil equivalent,2009,2.856
747,Ireland,euro/kg of oil equivalent,2009,10.776
748,Greece,euro/kg of oil equivalent,2009,7.199
749,Spain,euro/kg of oil equivalent,2009,7.711
750,France,euro/kg of oil equivalent,2009,7.416
751,Croatia,euro/kg of oil equivalent,2009,4.782
752,Italy,euro/kg of oil equivalent,2009,9.056
753,Cyprus,euro/kg of oil equivalent,2009,6.210
754,Latvia,euro/kg of oil equivalent,2009,3.909
755,Lithuania,euro/kg of oil equivalent,2009,3.107
756,Luxembourg,euro/kg of oil equivalent,2009,8.769
757,Hungary,euro/kg of oil equivalent,2009,3.811
758,Malta,euro/kg of oil equivalent,2009,3.186
759,Netherlands,euro/kg of oil equivalent,2009,6.626
760,Austria,euro/kg of oil equivalent,2009,8.899
761,Poland,euro/kg of oil equivalent,2009,3.694
762,Portugal,euro/kg of oil equivalent,2009,6.882
763,Romania,euro/kg of oil equivalent,2009,3.751
764,Slovenia,euro/kg of oil equivalent,2009,5.057
765,Slovakia,euro/kg of oil equivalent,2009,3.859
766,Finland,euro/kg of oil equivalent,2009,5.384
767,Sweden,euro/kg of oil equivalent,2009,7.535
768,Iceland,euro/kg of oil equivalent,2009,1.814
769,Norway,euro/kg of oil equivalent,2009,9.826
770,Switzerland,euro/kg of oil equivalent,2009,:
771,United Kingdom,euro/kg of oil equivalent,2009,8.847
772,Montenegro,euro/kg of oil equivalent,2009,3.154
773,North Macedonia,euro/kg of oil equivalent,2009,2.441
774,Albania,euro/kg of oil equivalent,2009,:
775,Serbia,euro/kg of oil equivalent,2009,2.056
776,Turkey,euro/kg of oil equivalent,2009,5.394
777,Bosnia and Herzegovina,euro/kg of oil equivalent,2009,:
778,Kosovo (under United Nations Security Council Resolution 1244/99),euro/kg of oil equivalent,2009,1.562
779,European Union - 27 countries (from 2020),PPS/kg of oil equivalent,2009,6.849
780,European Union - 28 countries (2013-2020),PPS/kg of oil equivalent,2009,6.978
781,Euro area - 19 countries  (from 2015),PPS/kg of oil equivalent,2009,7.024
782,Belgium,PPS/kg of oil equivalent,2009,4.814
783,Bulgaria,PPS/kg of oil equivalent,2009,4.484
784,Czechia,PPS/kg of oil equivalent,2009,5.110
785,Denmark,PPS/kg of oil equivalent,2009,8.498
786,Germany (until 1990 former territory of the FRG),PPS/kg of oil equivalent,2009,7.021
787,Estonia,PPS/kg of oil equivalent,2009,4.094
788,Ireland,PPS/kg of oil equivalent,2009,9.303
789,Greece,PPS/kg of oil equivalent,2009,7.730
790,Spain,PPS/kg of oil equivalent,2009,8.089
791,France,PPS/kg of oil equivalent,2009,6.420
792,Croatia,PPS/kg of oil equivalent,2009,6.787
793,Italy,PPS/kg of oil equivalent,2009,8.826
794,Cyprus,PPS/kg of oil equivalent,2009,6.748
795,Latvia,PPS/kg of oil equivalent,2009,5.735
796,Lithuania,PPS/kg of oil equivalent,2009,4.875
797,Luxembourg,PPS/kg of oil equivalent,2009,7.076
798,Hungary,PPS/kg of oil equivalent,2009,6.054
799,Malta,PPS/kg of oil equivalent,2009,4.094
800,Netherlands,PPS/kg of oil equivalent,2009,5.843
801,Austria,PPS/kg of oil equivalent,2009,7.895
802,Poland,PPS/kg of oil equivalent,2009,5.864
803,Portugal,PPS/kg of oil equivalent,2009,8.230
804,Romania,PPS/kg of oil equivalent,2009,7.348
805,Slovenia,PPS/kg of oil equivalent,2009,5.976
806,Slovakia,PPS/kg of oil equivalent,2009,5.624
807,Finland,PPS/kg of oil equivalent,2009,4.520
808,Sweden,PPS/kg of oil equivalent,2009,6.025
809,Iceland,PPS/kg of oil equivalent,2009,1.709
810,Norway,PPS/kg of oil equivalent,2009,6.169
811,Switzerland,PPS/kg of oil equivalent,2009,:
812,United Kingdom,PPS/kg of oil equivalent,2009,7.942
813,Montenegro,PPS/kg of oil equivalent,2009,6.303
814,North Macedonia,PPS/kg of oil equivalent,2009,6.051
815,Albania,PPS/kg of oil equivalent,2009,8.972
816,Serbia,PPS/kg of oil equivalent,2009,4.549
817,Turkey,PPS/kg of oil equivalent,2009,8.400
818,Bosnia and Herzegovina,PPS/kg of oil equivalent,2009,:
819,Kosovo (under United Nations Security Council Resolution 1244/99),PPS/kg of oil equivalent,2009,:
820,European Union - 27 countries (from 2020),euro/kg of oil equivalent,2010,6.835
821,European Union - 28 countries (2013-2020),euro/kg of oil equivalent,2010,7.053
822,Euro area - 19 countries  (from 2015),euro/kg of oil equivalent,2010,7.353
823,Belgium,euro/kg of oil equivalent,2010,5.256
824,Bulgaria,euro/kg of oil equivalent,2010,2.113
825,Czechia,euro/kg of oil equivalent,2010,3.473
826,Denmark,euro/kg of oil equivalent,2010,11.521
827,Germany (until 1990 former territory of the FRG),euro/kg of oil equivalent,2010,7.520
828,Estonia,euro/kg of oil equivalent,2010,2.532
829,Ireland,euro/kg of oil equivalent,2010,11.030
830,Greece,euro/kg of oil equivalent,2010,7.217
831,Spain,euro/kg of oil equivalent,2010,7.750
832,France,euro/kg of oil equivalent,2010,7.336
833,Croatia,euro/kg of oil equivalent,2010,4.768
834,Italy,euro/kg of oil equivalent,2010,8.961
835,Cyprus,euro/kg of oil equivalent,2010,6.591
836,Latvia,euro/kg of oil equivalent,2010,3.662
837,Lithuania,euro/kg of oil equivalent,2010,3.882
838,Luxembourg,euro/kg of oil equivalent,2010,8.648
839,Hungary,euro/kg of oil equivalent,2010,3.745
840,Malta,euro/kg of oil equivalent,2010,2.854
841,Netherlands,euro/kg of oil equivalent,2010,6.391
842,Austria,euro/kg of oil equivalent,2010,8.489
843,Poland,euro/kg of oil equivalent,2010,3.557
844,Portugal,euro/kg of oil equivalent,2010,7.230
845,Romania,euro/kg of oil equivalent,2010,3.583
846,Slovenia,euro/kg of oil equivalent,2010,5.000
847,Slovakia,euro/kg of oil equivalent,2010,3.850
848,Finland,euro/kg of oil equivalent,2010,5.085
849,Sweden,euro/kg of oil equivalent,2010,7.148
850,Iceland,euro/kg of oil equivalent,2010,1.853
851,Norway,euro/kg of oil equivalent,2010,9.481
852,Switzerland,euro/kg of oil equivalent,2010,:
853,United Kingdom,euro/kg of oil equivalent,2010,8.676
854,Montenegro,euro/kg of oil equivalent,2010,2.768
855,North Macedonia,euro/kg of oil equivalent,2010,2.467
856,Albania,euro/kg of oil equivalent,2010,:
857,Serbia,euro/kg of oil equivalent,2010,2.021
858,Turkey,euro/kg of oil equivalent,2010,5.531
859,Bosnia and Herzegovina,euro/kg of oil equivalent,2010,:
860,Kosovo (under United Nations Security Council Resolution 1244/99),euro/kg of oil equivalent,2010,1.602
861,European Union - 27 countries (from 2020),PPS/kg of oil equivalent,2010,6.835
862,European Union - 28 countries (2013-2020),PPS/kg of oil equivalent,2010,6.975
863,Euro area - 19 countries  (from 2015),PPS/kg of oil equivalent,2010,7.018
864,Belgium,PPS/kg of oil equivalent,2010,4.755
865,Bulgaria,PPS/kg of oil equivalent,2010,4.620
866,Czechia,PPS/kg of oil equivalent,2010,4.862
867,Denmark,PPS/kg of oil equivalent,2010,8.555
868,Germany (until 1990 former territory of the FRG),PPS/kg of oil equivalent,2010,7.070
869,Estonia,PPS/kg of oil equivalent,2010,3.743
870,Ireland,PPS/kg of oil equivalent,2010,9.827
871,Greece,PPS/kg of oil equivalent,2010,7.565
872,Spain,PPS/kg of oil equivalent,2010,8.069
873,France,PPS/kg of oil equivalent,2010,6.496
874,Croatia,PPS/kg of oil equivalent,2010,6.791
875,Italy,PPS/kg of oil equivalent,2010,8.772
876,Cyprus,PPS/kg of oil equivalent,2010,7.124
877,Latvia,PPS/kg of oil equivalent,2010,5.739
878,Lithuania,PPS/kg of oil equivalent,2010,6.524
879,Luxembourg,PPS/kg of oil equivalent,2010,7.071
880,Hungary,PPS/kg of oil equivalent,2010,6.176
881,Malta,PPS/kg of oil equivalent,2010,3.774
882,Netherlands,PPS/kg of oil equivalent,2010,5.664
883,Austria,PPS/kg of oil equivalent,2010,7.629
884,Poland,PPS/kg of oil equivalent,2010,5.959
885,Portugal,PPS/kg of oil equivalent,2010,8.782
886,Romania,PPS/kg of oil equivalent,2010,7.428
887,Slovenia,PPS/kg of oil equivalent,2010,5.932
888,Slovakia,PPS/kg of oil equivalent,2010,5.803
889,Finland,PPS/kg of oil equivalent,2010,4.274
890,Sweden,PPS/kg of oil equivalent,2010,5.718
891,Iceland,PPS/kg of oil equivalent,2010,1.709
892,Norway,PPS/kg of oil equivalent,2010,6.276
893,Switzerland,PPS/kg of oil equivalent,2010,:
894,United Kingdom,PPS/kg of oil equivalent,2010,8.021
895,Montenegro,PPS/kg of oil equivalent,2010,5.662
896,North Macedonia,PPS/kg of oil equivalent,2010,6.132
897,Albania,PPS/kg of oil equivalent,2010,9.864
898,Serbia,PPS/kg of oil equivalent,2010,4.525
899,Turkey,PPS/kg of oil equivalent,2010,9.081
900,Bosnia and Herzegovina,PPS/kg of oil equivalent,2010,:
901,Kosovo (under United Nations Security Council Resolution 1244/99),PPS/kg of oil equivalent,2010,:
902,European Union - 27 countries (from 2020),euro/kg of oil equivalent,2011,7.166
903,European Union - 28 countries (2013-2020),euro/kg of oil equivalent,2011,7.425
904,Euro area - 19 countries  (from 2015),euro/kg of oil equivalent,2011,7.741
905,Belgium,euro/kg of oil equivalent,2011,5.756
906,Bulgaria,euro/kg of oil equivalent,2011,2.021
907,Czechia,euro/kg of oil equivalent,2011,3.684
908,Denmark,euro/kg of oil equivalent,2011,12.535
909,Germany (until 1990 former territory of the FRG),euro/kg of oil equivalent,2011,8.239
910,Estonia,euro/kg of oil equivalent,2011,2.728
911,Ireland,euro/kg of oil equivalent,2011,12.083
912,Greece,euro/kg of oil equivalent,2011,6.648
913,Spain,euro/kg of oil equivalent,2011,7.712
914,France,euro/kg of oil equivalent,2011,7.634
915,Croatia,euro/kg of oil equivalent,2011,4.859
916,Italy,euro/kg of oil equivalent,2011,9.342
917,Cyprus,euro/kg of oil equivalent,2011,6.696
918,Latvia,euro/kg of oil equivalent,2011,4.144
919,Lithuania,euro/kg of oil equivalent,2011,3.971
920,Luxembourg,euro/kg of oil equivalent,2011,9.016
921,Hungary,euro/kg of oil equivalent,2011,3.895
922,Malta,euro/kg of oil equivalent,2011,3.015
923,Netherlands,euro/kg of oil equivalent,2011,6.798
924,Austria,euro/kg of oil equivalent,2011,9.000
925,Poland,euro/kg of oil equivalent,2011,3.726
926,Portugal,euro/kg of oil equivalent,2011,7.257
927,Romania,euro/kg of oil equivalent,2011,3.576
928,Slovenia,euro/kg of oil equivalent,2011,5.041
929,Slovakia,euro/kg of oil equivalent,2011,4.078
930,Finland,euro/kg of oil equivalent,2011,5.414
931,Sweden,euro/kg of oil equivalent,2011,7.355
932,Iceland,euro/kg of oil equivalent,2011,1.762
933,Norway,euro/kg of oil equivalent,2011,11.036
934,Switzerland,euro/kg of oil equivalent,2011,:
935,United Kingdom,euro/kg of oil equivalent,2011,9.438
936,Montenegro,euro/kg of oil equivalent,2011,2.845
937,North Macedonia,euro/kg of oil equivalent,2011,2.330
938,Albania,euro/kg of oil equivalent,2011,:
939,Serbia,euro/kg of oil equivalent,2011,1.972
940,Turkey,euro/kg of oil equivalent,2011,5.756
941,Bosnia and Herzegovina,euro/kg of oil equivalent,2011,:
942,Kosovo (under United Nations Security Council Resolution 1244/99),euro/kg of oil equivalent,2011,1.687
943,European Union - 27 countries (from 2020),PPS/kg of oil equivalent,2011,7.257
944,European Union - 28 countries (2013-2020),PPS/kg of oil equivalent,2011,7.424
945,Euro area - 19 countries  (from 2015),PPS/kg of oil equivalent,2011,7.473
946,Belgium,PPS/kg of oil equivalent,2011,5.251
947,Bulgaria,PPS/kg of oil equivalent,2011,4.452
948,Czechia,PPS/kg of oil equivalent,2011,5.202
949,Denmark,PPS/kg of oil equivalent,2011,9.380
950,Germany (until 1990 former territory of the FRG),PPS/kg of oil equivalent,2011,7.869
951,Estonia,PPS/kg of oil equivalent,2011,4.189
952,Ireland,PPS/kg of oil equivalent,2011,10.977
953,Greece,PPS/kg of oil equivalent,2011,7.016
954,Spain,PPS/kg of oil equivalent,2011,8.048
955,France,PPS/kg of oil equivalent,2011,6.828
956,Croatia,PPS/kg of oil equivalent,2011,7.151
957,Italy,PPS/kg of oil equivalent,2011,9.327
958,Cyprus,PPS/kg of oil equivalent,2011,7.261
959,Latvia,PPS/kg of oil equivalent,2011,6.647
960,Lithuania,PPS/kg of oil equivalent,2011,6.900
961,Luxembourg,PPS/kg of oil equivalent,2011,7.780
962,Hungary,PPS/kg of oil equivalent,2011,6.560
963,Malta,PPS/kg of oil equivalent,2011,3.959
964,Netherlands,PPS/kg of oil equivalent,2011,6.073
965,Austria,PPS/kg of oil equivalent,2011,8.217
966,Poland,PPS/kg of oil equivalent,2011,6.360
967,Portugal,PPS/kg of oil equivalent,2011,8.659
968,Romania,PPS/kg of oil equivalent,2011,7.516
969,Slovenia,PPS/kg of oil equivalent,2011,6.085
970,Slovakia,PPS/kg of oil equivalent,2011,6.104
971,Finland,PPS/kg of oil equivalent,2011,4.612
972,Sweden,PPS/kg of oil equivalent,2011,5.977
973,Iceland,PPS/kg of oil equivalent,2011,1.622
974,Norway,PPS/kg of oil equivalent,2011,7.737
975,Switzerland,PPS/kg of oil equivalent,2011,:
976,United Kingdom,PPS/kg of oil equivalent,2011,8.725
977,Montenegro,PPS/kg of oil equivalent,2011,5.900
978,North Macedonia,PPS/kg of oil equivalent,2011,5.745
979,Albania,PPS/kg of oil equivalent,2011,9.845
980,Serbia,PPS/kg of oil equivalent,2011,4.541
981,Turkey,PPS/kg of oil equivalent,2011,9.593
982,Bosnia and Herzegovina,PPS/kg of oil equivalent,2011,:
983,Kosovo (under United Nations Security Council Resolution 1244/99),PPS/kg of oil equivalent,2011,:
984,European Union - 27 countries (from 2020),euro/kg of oil equivalent,2012,7.214
985,European Union - 28 countries (2013-2020),euro/kg of oil equivalent,2012,7.471
986,Euro area - 19 countries  (from 2015),euro/kg of oil equivalent,2012,7.756
987,Belgium,euro/kg of oil equivalent,2012,6.092
988,Bulgaria,euro/kg of oil equivalent,2012,2.118
989,Czechia,euro/kg of oil equivalent,2012,3.687
990,Denmark,euro/kg of oil equivalent,2012,13.163
991,Germany (until 1990 former territory of the FRG),euro/kg of oil equivalent,2012,8.206
992,Estonia,euro/kg of oil equivalent,2012,2.791
993,Ireland,euro/kg of oil equivalent,2012,11.952
994,Greece,euro/kg of oil equivalent,2012,6.341
995,Spain,euro/kg of oil equivalent,2012,7.518
996,France,euro/kg of oil equivalent,2012,7.659
997,Croatia,euro/kg of oil equivalent,2012,5.043
998,Italy,euro/kg of oil equivalent,2012,9.432
999,Cyprus,euro/kg of oil equivalent,2012,6.878
1000,Latvia,euro/kg of oil equivalent,2012,4.152
1001,Lithuania,euro/kg of oil equivalent,2012,4.095
1002,Luxembourg,euro/kg of oil equivalent,2012,9.203
1003,Hungary,euro/kg of oil equivalent,2012,4.041
1004,Malta,euro/kg of oil equivalent,2012,3.291
1005,Netherlands,euro/kg of oil equivalent,2012,6.803
1006,Austria,euro/kg of oil equivalent,2012,9.088
1007,Poland,euro/kg of oil equivalent,2012,3.925
1008,Portugal,euro/kg of oil equivalent,2012,7.376
1009,Romania,euro/kg of oil equivalent,2012,3.728
1010,Slovenia,euro/kg of oil equivalent,2012,5.090
1011,Slovakia,euro/kg of oil equivalent,2012,4.318
1012,Finland,euro/kg of oil equivalent,2012,5.547
1013,Sweden,euro/kg of oil equivalent,2012,7.335
1014,Iceland,euro/kg of oil equivalent,2012,1.823
1015,Norway,euro/kg of oil equivalent,2012,10.405
1016,Switzerland,euro/kg of oil equivalent,2012,:
1017,United Kingdom,euro/kg of oil equivalent,2012,9.400
1018,Montenegro,euro/kg of oil equivalent,2012,2.933
1019,North Macedonia,euro/kg of oil equivalent,2012,2.410
1020,Albania,euro/kg of oil equivalent,2012,:
1021,Serbia,euro/kg of oil equivalent,2012,2.188
1022,Turkey,euro/kg of oil equivalent,2012,5.772
1023,Bosnia and Herzegovina,euro/kg of oil equivalent,2012,:
1024,Kosovo (under United Nations Security Council Resolution 1244/99),euro/kg of oil equivalent,2012,1.829
1025,European Union - 27 countries (from 2020),PPS/kg of oil equivalent,2012,7.404
1026,European Union - 28 countries (2013-2020),PPS/kg of oil equivalent,2012,7.569
1027,Euro area - 19 countries  (from 2015),PPS/kg of oil equivalent,2012,7.576
1028,Belgium,PPS/kg of oil equivalent,2012,5.682
1029,Bulgaria,PPS/kg of oil equivalent,2012,4.750
1030,Czechia,PPS/kg of oil equivalent,2012,5.253
1031,Denmark,PPS/kg of oil equivalent,2012,9.863
1032,Germany (until 1990 former territory of the FRG),PPS/kg of oil equivalent,2012,7.899
1033,Estonia,PPS/kg of oil equivalent,2012,4.339
1034,Ireland,PPS/kg of oil equivalent,2012,11.122
1035,Greece,PPS/kg of oil equivalent,2012,6.888
1036,Spain,PPS/kg of oil equivalent,2012,7.980
1037,France,PPS/kg of oil equivalent,2012,6.843
1038,Croatia,PPS/kg of oil equivalent,2012,7.644
1039,Italy,PPS/kg of oil equivalent,2012,9.615
1040,Cyprus,PPS/kg of oil equivalent,2012,7.426
1041,Latvia,PPS/kg of oil equivalent,2012,6.733
1042,Lithuania,PPS/kg of oil equivalent,2012,7.233
1043,Luxembourg,PPS/kg of oil equivalent,2012,8.056
1044,Hungary,PPS/kg of oil equivalent,2012,6.866
1045,Malta,PPS/kg of oil equivalent,2012,4.332
1046,Netherlands,PPS/kg of oil equivalent,2012,6.196
1047,Austria,PPS/kg of oil equivalent,2012,8.575
1048,Poland,PPS/kg of oil equivalent,2012,6.818
1049,Portugal,PPS/kg of oil equivalent,2012,8.942
1050,Romania,PPS/kg of oil equivalent,2012,7.989
1051,Slovenia,PPS/kg of oil equivalent,2012,6.291
1052,Slovakia,PPS/kg of oil equivalent,2012,6.509
1053,Finland,PPS/kg of oil equivalent,2012,4.767
1054,Sweden,PPS/kg of oil equivalent,2012,6.096
1055,Iceland,PPS/kg of oil equivalent,2012,1.697
1056,Norway,PPS/kg of oil equivalent,2012,7.508
1057,Switzerland,PPS/kg of oil equivalent,2012,:
1058,United Kingdom,PPS/kg of oil equivalent,2012,8.809
1059,Montenegro,PPS/kg of oil equivalent,2012,5.941
1060,North Macedonia,PPS/kg of oil equivalent,2012,6.039
1061,Albania,PPS/kg of oil equivalent,2012,11.148
1062,Serbia,PPS/kg of oil equivalent,2012,5.072
1063,Turkey,PPS/kg of oil equivalent,2012,9.702
1064,Bosnia and Herzegovina,PPS/kg of oil equivalent,2012,:
1065,Kosovo (under United Nations Security Council Resolution 1244/99),PPS/kg of oil equivalent,2012,:
1066,European Union - 27 countries (from 2020),euro/kg of oil equivalent,2013,7.293
1067,European Union - 28 countries (2013-2020),euro/kg of oil equivalent,2013,7.583
1068,Euro area - 19 countries  (from 2015),euro/kg of oil equivalent,2013,7.813
1069,Belgium,euro/kg of oil equivalent,2013,5.899
1070,Bulgaria,euro/kg of oil equivalent,2013,2.284
1071,Czechia,euro/kg of oil equivalent,2013,3.668
1072,Denmark,euro/kg of oil equivalent,2013,13.180
1073,Germany (until 1990 former territory of the FRG),euro/kg of oil equivalent,2013,8.070
1074,Estonia,euro/kg of oil equivalent,2013,2.548
1075,Ireland,euro/kg of oil equivalent,2013,12.610
1076,Greece,euro/kg of oil equivalent,2013,6.949
1077,Spain,euro/kg of oil equivalent,2013,7.960
1078,France,euro/kg of oil equivalent,2013,7.671
1079,Croatia,euro/kg of oil equivalent,2013,5.120
1080,Italy,euro/kg of oil equivalent,2013,9.624
1081,Cyprus,euro/kg of oil equivalent,2013,7.205
1082,Latvia,euro/kg of oil equivalent,2013,4.313
1083,Lithuania,euro/kg of oil equivalent,2013,4.500
1084,Luxembourg,euro/kg of oil equivalent,2013,9.812
1085,Hungary,euro/kg of oil equivalent,2013,4.263
1086,Malta,euro/kg of oil equivalent,2013,3.635
1087,Netherlands,euro/kg of oil equivalent,2013,6.956
1088,Austria,euro/kg of oil equivalent,2013,8.984
1089,Poland,euro/kg of oil equivalent,2013,3.941
1090,Portugal,euro/kg of oil equivalent,2013,7.285
1091,Romania,euro/kg of oil equivalent,2013,4.243
1092,Slovenia,euro/kg of oil equivalent,2013,5.164
1093,Slovakia,euro/kg of oil equivalent,2013,4.293
1094,Finland,euro/kg of oil equivalent,2013,5.586
1095,Sweden,euro/kg of oil equivalent,2013,7.550
1096,Iceland,euro/kg of oil equivalent,2013,1.835
1097,Norway,euro/kg of oil equivalent,2013,9.883
1098,Switzerland,euro/kg of oil equivalent,2013,:
1099,United Kingdom,euro/kg of oil equivalent,2013,9.762
1100,Montenegro,euro/kg of oil equivalent,2013,3.266
1101,North Macedonia,euro/kg of oil equivalent,2013,2.678
1102,Albania,euro/kg of oil equivalent,2013,:
1103,Serbia,euro/kg of oil equivalent,2013,2.200
1104,Turkey,euro/kg of oil equivalent,2013,6.433
1105,Bosnia and Herzegovina,euro/kg of oil equivalent,2013,:
1106,Kosovo (under United Nations Security Council Resolution 1244/99),euro/kg of oil equivalent,2013,1.986
1107,European Union - 27 countries (from 2020),PPS/kg of oil equivalent,2013,7.573
1108,European Union - 28 countries (2013-2020),PPS/kg of oil equivalent,2013,7.760
1109,Euro area - 19 countries  (from 2015),PPS/kg of oil equivalent,2013,7.732
1110,Belgium,PPS/kg of oil equivalent,2013,5.549
1111,Bulgaria,PPS/kg of oil equivalent,2013,5.063
1112,Czechia,PPS/kg of oil equivalent,2013,5.380
1113,Denmark,PPS/kg of oil equivalent,2013,10.007
1114,Germany (until 1990 former territory of the FRG),PPS/kg of oil equivalent,2013,7.859
1115,Estonia,PPS/kg of oil equivalent,2013,4.014
1116,Ireland,PPS/kg of oil equivalent,2013,11.781
1117,Greece,PPS/kg of oil equivalent,2013,7.837
1118,Spain,PPS/kg of oil equivalent,2013,8.532
1119,France,PPS/kg of oil equivalent,2013,7.017
1120,Croatia,PPS/kg of oil equivalent,2013,7.826
1121,Italy,PPS/kg of oil equivalent,2013,9.827
1122,Cyprus,PPS/kg of oil equivalent,2013,7.740
1123,Latvia,PPS/kg of oil equivalent,2013,7.038
1124,Lithuania,PPS/kg of oil equivalent,2013,8.027
1125,Luxembourg,PPS/kg of oil equivalent,2013,8.640
1126,Hungary,PPS/kg of oil equivalent,2013,7.310
1127,Malta,PPS/kg of oil equivalent,2013,4.797
1128,Netherlands,PPS/kg of oil equivalent,2013,6.472
1129,Austria,PPS/kg of oil equivalent,2013,8.588
1130,Poland,PPS/kg of oil equivalent,2013,6.835
1131,Portugal,PPS/kg of oil equivalent,2013,9.147
1132,Romania,PPS/kg of oil equivalent,2013,8.937
1133,Slovenia,PPS/kg of oil equivalent,2013,6.509
1134,Slovakia,PPS/kg of oil equivalent,2013,6.526
1135,Finland,PPS/kg of oil equivalent,2013,4.824
1136,Sweden,PPS/kg of oil equivalent,2013,6.226
1137,Iceland,PPS/kg of oil equivalent,2013,1.703
1138,Norway,PPS/kg of oil equivalent,2013,7.148
1139,Switzerland,PPS/kg of oil equivalent,2013,:
1140,United Kingdom,PPS/kg of oil equivalent,2013,9.176
1141,Montenegro,PPS/kg of oil equivalent,2013,6.698
1142,North Macedonia,PPS/kg of oil equivalent,2013,6.811
1143,Albania,PPS/kg of oil equivalent,2013,9.254
1144,Serbia,PPS/kg of oil equivalent,2013,5.057
1145,Turkey,PPS/kg of oil equivalent,2013,10.693
1146,Bosnia and Herzegovina,PPS/kg of oil equivalent,2013,:
1147,Kosovo (under United Nations Security Council Resolution 1244/99),PPS/kg of oil equivalent,2013,:
1148,European Union - 27 countries (from 2020),euro/kg of oil equivalent,2014,7.672
1149,European Union - 28 countries (2013-2020),euro/kg of oil equivalent,2014,8.012
1150,Euro area - 19 countries  (from 2015),euro/kg of oil equivalent,2014,8.230
1151,Belgium,euro/kg of oil equivalent,2014,6.388
1152,Bulgaria,euro/kg of oil equivalent,2014,2.226
1153,Czechia,euro/kg of oil equivalent,2014,3.879
1154,Denmark,euro/kg of oil equivalent,2014,14.007
1155,Germany (until 1990 former territory of the FRG),euro/kg of oil equivalent,2014,8.616
1156,Estonia,euro/kg of oil equivalent,2014,2.806
1157,Ireland,euro/kg of oil equivalent,2014,13.620
1158,Greece,euro/kg of oil equivalent,2014,7.087
1159,Spain,euro/kg of oil equivalent,2014,8.191
1160,France,euro/kg of oil equivalent,2014,8.059
1161,Croatia,euro/kg of oil equivalent,2014,5.355
1162,Italy,euro/kg of oil equivalent,2014,10.182
1163,Cyprus,euro/kg of oil equivalent,2014,6.968
1164,Latvia,euro/kg of oil equivalent,2014,4.379
1165,Lithuania,euro/kg of oil equivalent,2014,4.680
1166,Luxembourg,euro/kg of oil equivalent,2014,10.506
1167,Hungary,euro/kg of oil equivalent,2014,4.461
1168,Malta,euro/kg of oil equivalent,2014,3.826
1169,Netherlands,euro/kg of oil equivalent,2014,7.400
1170,Austria,euro/kg of oil equivalent,2014,9.374
1171,Poland,euro/kg of oil equivalent,2014,4.232
1172,Portugal,euro/kg of oil equivalent,2014,7.254
1173,Romania,euro/kg of oil equivalent,2014,4.430
1174,Slovenia,euro/kg of oil equivalent,2014,5.494
1175,Slovakia,euro/kg of oil equivalent,2014,4.686
1176,Finland,euro/kg of oil equivalent,2014,5.453
1177,Sweden,euro/kg of oil equivalent,2014,7.821
1178,Iceland,euro/kg of oil equivalent,2014,1.866
1179,Norway,euro/kg of oil equivalent,2014,11.534
1180,Switzerland,euro/kg of oil equivalent,2014,:
1181,United Kingdom,euro/kg of oil equivalent,2014,10.620
1182,Montenegro,euro/kg of oil equivalent,2014,3.396
1183,North Macedonia,euro/kg of oil equivalent,2014,2.853
1184,Albania,euro/kg of oil equivalent,2014,:
1185,Serbia,euro/kg of oil equivalent,2014,2.420
1186,Turkey,euro/kg of oil equivalent,2014,6.291
1187,Bosnia and Herzegovina,euro/kg of oil equivalent,2014,2.240
1188,Kosovo (under United Nations Security Council Resolution 1244/99),euro/kg of oil equivalent,2014,2.140
1189,European Union - 27 countries (from 2020),PPS/kg of oil equivalent,2014,8.022
1190,European Union - 28 countries (2013-2020),PPS/kg of oil equivalent,2014,8.254
1191,Euro area - 19 countries  (from 2015),PPS/kg of oil equivalent,2014,8.203
1192,Belgium,PPS/kg of oil equivalent,2014,6.072
1193,Bulgaria,PPS/kg of oil equivalent,2014,5.062
1194,Czechia,PPS/kg of oil equivalent,2014,5.834
1195,Denmark,PPS/kg of oil equivalent,2014,10.710
1196,Germany (until 1990 former territory of the FRG),PPS/kg of oil equivalent,2014,8.555
1197,Estonia,PPS/kg of oil equivalent,2014,4.482
1198,Ireland,PPS/kg of oil equivalent,2014,12.519
1199,Greece,PPS/kg of oil equivalent,2014,8.041
1200,Spain,PPS/kg of oil equivalent,2014,8.864
1201,France,PPS/kg of oil equivalent,2014,7.401
1202,Croatia,PPS/kg of oil equivalent,2014,8.214
1203,Italy,PPS/kg of oil equivalent,2014,10.388
1204,Cyprus,PPS/kg of oil equivalent,2014,7.417
1205,Latvia,PPS/kg of oil equivalent,2014,7.259
1206,Lithuania,PPS/kg of oil equivalent,2014,8.374
1207,Luxembourg,PPS/kg of oil equivalent,2014,9.558
1208,Hungary,PPS/kg of oil equivalent,2014,7.609
1209,Malta,PPS/kg of oil equivalent,2014,5.054
1210,Netherlands,PPS/kg of oil equivalent,2014,6.766
1211,Austria,PPS/kg of oil equivalent,2014,9.073
1212,Poland,PPS/kg of oil equivalent,2014,7.306
1213,Portugal,PPS/kg of oil equivalent,2014,9.185
1214,Romania,PPS/kg of oil equivalent,2014,9.306
1215,Slovenia,PPS/kg of oil equivalent,2014,6.899
1216,Slovakia,PPS/kg of oil equivalent,2014,7.144
1217,Finland,PPS/kg of oil equivalent,2014,4.744
1218,Sweden,PPS/kg of oil equivalent,2014,6.420
1219,Iceland,PPS/kg of oil equivalent,2014,1.772
1220,Norway,PPS/kg of oil equivalent,2014,8.087
1221,Switzerland,PPS/kg of oil equivalent,2014,:
1222,United Kingdom,PPS/kg of oil equivalent,2014,10.040
1223,Montenegro,PPS/kg of oil equivalent,2014,7.032
1224,North Macedonia,PPS/kg of oil equivalent,2014,7.351
1225,Albania,PPS/kg of oil equivalent,2014,9.810
1226,Serbia,PPS/kg of oil equivalent,2014,5.600
1227,Turkey,PPS/kg of oil equivalent,2014,10.809
1228,Bosnia and Herzegovina,PPS/kg of oil equivalent,2014,4.752
1229,Kosovo (under United Nations Security Council Resolution 1244/99),PPS/kg of oil equivalent,2014,:
1230,European Union - 27 countries (from 2020),euro/kg of oil equivalent,2015,7.742
1231,European Union - 28 countries (2013-2020),euro/kg of oil equivalent,2015,8.083
1232,Euro area - 19 countries  (from 2015),euro/kg of oil equivalent,2015,8.270
1233,Belgium,euro/kg of oil equivalent,2015,6.470
1234,Bulgaria,euro/kg of oil equivalent,2015,2.214
1235,Czechia,euro/kg of oil equivalent,2015,4.084
1236,Denmark,euro/kg of oil equivalent,2015,14.292
1237,Germany (until 1990 former territory of the FRG),euro/kg of oil equivalent,2015,8.699
1238,Estonia,euro/kg of oil equivalent,2015,3.056
1239,Ireland,euro/kg of oil equivalent,2015,16.189
1240,Greece,euro/kg of oil equivalent,2015,7.054
1241,Spain,euro/kg of oil equivalent,2015,8.222
1242,France,euro/kg of oil equivalent,2015,8.021
1243,Croatia,euro/kg of oil equivalent,2015,5.259
1244,Italy,euro/kg of oil equivalent,2015,9.879
1245,Cyprus,euro/kg of oil equivalent,2015,7.009
1246,Latvia,euro/kg of oil equivalent,2015,4.604
1247,Lithuania,euro/kg of oil equivalent,2015,4.651
1248,Luxembourg,euro/kg of oil equivalent,2015,11.074
1249,Hungary,euro/kg of oil equivalent,2015,4.378
1250,Malta,euro/kg of oil equivalent,2015,3.866
1251,Netherlands,euro/kg of oil equivalent,2015,7.506
1252,Austria,euro/kg of oil equivalent,2015,9.244
1253,Poland,euro/kg of oil equivalent,2015,4.361
1254,Portugal,euro/kg of oil equivalent,2015,7.107
1255,Romania,euro/kg of oil equivalent,2015,4.525
1256,Slovenia,euro/kg of oil equivalent,2015,5.656
1257,Slovakia,euro/kg of oil equivalent,2015,4.758
1258,Finland,euro/kg of oil equivalent,2015,5.732
1259,Sweden,euro/kg of oil equivalent,2015,8.537
1260,Iceland,euro/kg of oil equivalent,2015,2.021
1261,Norway,euro/kg of oil equivalent,2015,11.500
1262,Switzerland,euro/kg of oil equivalent,2015,:
1263,United Kingdom,euro/kg of oil equivalent,2015,10.688
1264,Montenegro,euro/kg of oil equivalent,2015,3.356
1265,North Macedonia,euro/kg of oil equivalent,2015,3.014
1266,Albania,euro/kg of oil equivalent,2015,:
1267,Serbia,euro/kg of oil equivalent,2015,2.222
1268,Turkey,euro/kg of oil equivalent,2015,6.179
1269,Bosnia and Herzegovina,euro/kg of oil equivalent,2015,2.242
1270,Kosovo (under United Nations Security Council Resolution 1244/99),euro/kg of oil equivalent,2015,1.991
1271,European Union - 27 countries (from 2020),PPS/kg of oil equivalent,2015,8.203
1272,European Union - 28 countries (2013-2020),PPS/kg of oil equivalent,2015,8.444
1273,Euro area - 19 countries  (from 2015),PPS/kg of oil equivalent,2015,8.351
1274,Belgium,PPS/kg of oil equivalent,2015,6.254
1275,Bulgaria,PPS/kg of oil equivalent,2015,5.043
1276,Czechia,PPS/kg of oil equivalent,2015,6.111
1277,Denmark,PPS/kg of oil equivalent,2015,11.047
1278,Germany (until 1990 former territory of the FRG),PPS/kg of oil equivalent,2015,8.723
1279,Estonia,PPS/kg of oil equivalent,2015,4.853
1280,Ireland,PPS/kg of oil equivalent,2015,16.249
1281,Greece,PPS/kg of oil equivalent,2015,8.034
1282,Spain,PPS/kg of oil equivalent,2015,8.944
1283,France,PPS/kg of oil equivalent,2015,7.465
1284,Croatia,PPS/kg of oil equivalent,2015,8.171
1285,Italy,PPS/kg of oil equivalent,2015,10.220
1286,Cyprus,PPS/kg of oil equivalent,2015,7.627
1287,Latvia,PPS/kg of oil equivalent,2015,7.657
1288,Lithuania,PPS/kg of oil equivalent,2015,8.294
1289,Luxembourg,PPS/kg of oil equivalent,2015,10.160
1290,Hungary,PPS/kg of oil equivalent,2015,7.518
1291,Malta,PPS/kg of oil equivalent,2015,5.223
1292,Netherlands,PPS/kg of oil equivalent,2015,6.928
1293,Austria,PPS/kg of oil equivalent,2015,9.183
1294,Poland,PPS/kg of oil equivalent,2015,7.636
1295,Portugal,PPS/kg of oil equivalent,2015,9.115
1296,Romania,PPS/kg of oil equivalent,2015,9.643
1297,Slovenia,PPS/kg of oil equivalent,2015,7.149
1298,Slovakia,PPS/kg of oil equivalent,2015,7.172
1299,Finland,PPS/kg of oil equivalent,2015,5.081
1300,Sweden,PPS/kg of oil equivalent,2015,7.078
1301,Iceland,PPS/kg of oil equivalent,2015,1.993
1302,Norway,PPS/kg of oil equivalent,2015,7.341
1303,Switzerland,PPS/kg of oil equivalent,2015,:
1304,United Kingdom,PPS/kg of oil equivalent,2015,10.292
1305,Montenegro,PPS/kg of oil equivalent,2015,7.170
1306,North Macedonia,PPS/kg of oil equivalent,2015,7.767
1307,Albania,PPS/kg of oil equivalent,2015,10.877
1308,Serbia,PPS/kg of oil equivalent,2015,5.133
1309,Turkey,PPS/kg of oil equivalent,2015,10.914
1310,Bosnia and Herzegovina,PPS/kg of oil equivalent,2015,4.789
1311,Kosovo (under United Nations Security Council Resolution 1244/99),PPS/kg of oil equivalent,2015,:
1312,European Union - 27 countries (from 2020),euro/kg of oil equivalent,2016,7.825
1313,European Union - 28 countries (2013-2020),euro/kg of oil equivalent,2016,8.186
1314,Euro area - 19 countries  (from 2015),euro/kg of oil equivalent,2016,8.375
1315,Belgium,euro/kg of oil equivalent,2016,6.146
1316,Bulgaria,euro/kg of oil equivalent,2016,2.348
1317,Czechia,euro/kg of oil equivalent,2016,4.227
1318,Denmark,euro/kg of oil equivalent,2016,14.470
1319,Germany (until 1990 former territory of the FRG),euro/kg of oil equivalent,2016,8.829
1320,Estonia,euro/kg of oil equivalent,2016,2.879
1321,Ireland,euro/kg of oil equivalent,2016,15.705
1322,Greece,euro/kg of oil equivalent,2016,7.157
1323,Spain,euro/kg of oil equivalent,2016,8.378
1324,France,euro/kg of oil equivalent,2016,8.256
1325,Croatia,euro/kg of oil equivalent,2016,5.394
1326,Italy,euro/kg of oil equivalent,2016,10.080
1327,Cyprus,euro/kg of oil equivalent,2016,6.895
1328,Latvia,euro/kg of oil equivalent,2016,4.641
1329,Lithuania,euro/kg of oil equivalent,2016,4.604
1330,Luxembourg,euro/kg of oil equivalent,2016,11.542
1331,Hungary,euro/kg of oil equivalent,2016,4.416
1332,Malta,euro/kg of oil equivalent,2016,3.727
1333,Netherlands,euro/kg of oil equivalent,2016,7.541
1334,Austria,euro/kg of oil equivalent,2016,9.298
1335,Poland,euro/kg of oil equivalent,2016,4.288
1336,Portugal,euro/kg of oil equivalent,2016,7.231
1337,Romania,euro/kg of oil equivalent,2016,4.751
1338,Slovenia,euro/kg of oil equivalent,2016,5.607
1339,Slovakia,euro/kg of oil equivalent,2016,4.836
1340,Finland,euro/kg of oil equivalent,2016,5.689
1341,Sweden,euro/kg of oil equivalent,2016,8.332
1342,Iceland,euro/kg of oil equivalent,2016,2.224
1343,Norway,euro/kg of oil equivalent,2016,12.093
1344,Switzerland,euro/kg of oil equivalent,2016,:
1345,United Kingdom,euro/kg of oil equivalent,2016,11.013
1346,Montenegro,euro/kg of oil equivalent,2016,3.557
1347,North Macedonia,euro/kg of oil equivalent,2016,3.049
1348,Albania,euro/kg of oil equivalent,2016,:
1349,Serbia,euro/kg of oil equivalent,2016,2.204
1350,Turkey,euro/kg of oil equivalent,2016,6.052
1351,Bosnia and Herzegovina,euro/kg of oil equivalent,2016,2.113
1352,Kosovo (under United Nations Security Council Resolution 1244/99),euro/kg of oil equivalent,2016,1.963
1353,European Union - 27 countries (from 2020),PPS/kg of oil equivalent,2016,8.353
1354,European Union - 28 countries (2013-2020),PPS/kg of oil equivalent,2016,8.598
1355,Euro area - 19 countries  (from 2015),PPS/kg of oil equivalent,2016,8.533
1356,Belgium,PPS/kg of oil equivalent,2016,5.990
1357,Bulgaria,PPS/kg of oil equivalent,2016,5.393
1358,Czechia,PPS/kg of oil equivalent,2016,6.357
1359,Denmark,PPS/kg of oil equivalent,2016,11.176
1360,Germany (until 1990 former territory of the FRG),PPS/kg of oil equivalent,2016,8.958
1361,Estonia,PPS/kg of oil equivalent,2016,4.599
1362,Ireland,PPS/kg of oil equivalent,2016,15.679
1363,Greece,PPS/kg of oil equivalent,2016,8.101
1364,Spain,PPS/kg of oil equivalent,2016,9.135
1365,France,PPS/kg of oil equivalent,2016,7.734
1366,Croatia,PPS/kg of oil equivalent,2016,8.399
1367,Italy,PPS/kg of oil equivalent,2016,10.741
1368,Cyprus,PPS/kg of oil equivalent,2016,7.679
1369,Latvia,PPS/kg of oil equivalent,2016,7.722
1370,Lithuania,PPS/kg of oil equivalent,2016,8.192
1371,Luxembourg,PPS/kg of oil equivalent,2016,10.663
1372,Hungary,PPS/kg of oil equivalent,2016,7.453
1373,Malta,PPS/kg of oil equivalent,2016,5.095
1374,Netherlands,PPS/kg of oil equivalent,2016,6.878
1375,Austria,PPS/kg of oil equivalent,2016,9.343
1376,Poland,PPS/kg of oil equivalent,2016,7.411
1377,Portugal,PPS/kg of oil equivalent,2016,9.328
1378,Romania,PPS/kg of oil equivalent,2016,10.433
1379,Slovenia,PPS/kg of oil equivalent,2016,7.122
1380,Slovakia,PPS/kg of oil equivalent,2016,6.843
1381,Finland,PPS/kg of oil equivalent,2016,5.024
1382,Sweden,PPS/kg of oil equivalent,2016,6.798
1383,Iceland,PPS/kg of oil equivalent,2016,2.196
1384,Norway,PPS/kg of oil equivalent,2016,7.267
1385,Switzerland,PPS/kg of oil equivalent,2016,:
1386,United Kingdom,PPS/kg of oil equivalent,2016,10.524
1387,Montenegro,PPS/kg of oil equivalent,2016,7.946
1388,North Macedonia,PPS/kg of oil equivalent,2016,8.052
1389,Albania,PPS/kg of oil equivalent,2016,10.459
1390,Serbia,PPS/kg of oil equivalent,2016,5.030
1391,Turkey,PPS/kg of oil equivalent,2016,10.458
1392,Bosnia and Herzegovina,PPS/kg of oil equivalent,2016,4.542
1393,Kosovo (under United Nations Security Council Resolution 1244/99),PPS/kg of oil equivalent,2016,:
1394,European Union - 27 countries (from 2020),euro/kg of oil equivalent,2017,7.881
1395,European Union - 28 countries (2013-2020),euro/kg of oil equivalent,2017,8.261
1396,Euro area - 19 countries  (from 2015),euro/kg of oil equivalent,2017,8.458
1397,Belgium,euro/kg of oil equivalent,2017,6.174
1398,Bulgaria,euro/kg of oil equivalent,2017,2.348
1399,Czechia,euro/kg of oil equivalent,2017,4.261
1400,Denmark,euro/kg of oil equivalent,2017,14.914
1401,Germany (until 1990 former territory of the FRG),euro/kg of oil equivalent,2017,9.019
1402,Estonia,euro/kg of oil equivalent,2017,3.130
1403,Ireland,euro/kg of oil equivalent,2017,17.386
1404,Greece,euro/kg of oil equivalent,2017,6.933
1405,Spain,euro/kg of oil equivalent,2017,8.269
1406,France,euro/kg of oil equivalent,2017,8.439
1407,Croatia,euro/kg of oil equivalent,2017,5.389
1408,Italy,euro/kg of oil equivalent,2017,9.911
1409,Cyprus,euro/kg of oil equivalent,2017,7.055
1410,Latvia,euro/kg of oil equivalent,2017,4.687
1411,Lithuania,euro/kg of oil equivalent,2017,4.588
1412,Luxembourg,euro/kg of oil equivalent,2017,11.389
1413,Hungary,euro/kg of oil equivalent,2017,4.410
1414,Malta,euro/kg of oil equivalent,2017,3.381
1415,Netherlands,euro/kg of oil equivalent,2017,7.706
1416,Austria,euro/kg of oil equivalent,2017,9.353
1417,Poland,euro/kg of oil equivalent,2017,4.294
1418,Portugal,euro/kg of oil equivalent,2017,7.151
1419,Romania,euro/kg of oil equivalent,2017,4.835
1420,Slovenia,euro/kg of oil equivalent,2017,5.689
1421,Slovakia,euro/kg of oil equivalent,2017,4.720
1422,Finland,euro/kg of oil equivalent,2017,5.793
1423,Sweden,euro/kg of oil equivalent,2017,8.293
1424,Iceland,euro/kg of oil equivalent,2017,2.179
1425,Norway,euro/kg of oil equivalent,2017,11.864
1426,Switzerland,euro/kg of oil equivalent,2017,:
1427,United Kingdom,euro/kg of oil equivalent,2017,11.347
1428,Montenegro,euro/kg of oil equivalent,2017,3.555
1429,North Macedonia,euro/kg of oil equivalent,2017,3.018
1430,Albania,euro/kg of oil equivalent,2017,:
1431,Serbia,euro/kg of oil equivalent,2017,2.206
1432,Turkey,euro/kg of oil equivalent,2017,6.042
1433,Bosnia and Herzegovina,euro/kg of oil equivalent,2017,2.184
1434,Kosovo (under United Nations Security Council Resolution 1244/99),euro/kg of oil equivalent,2017,2.166
1435,European Union - 27 countries (from 2020),PPS/kg of oil equivalent,2017,8.522
1436,European Union - 28 countries (2013-2020),PPS/kg of oil equivalent,2017,8.793
1437,Euro area - 19 countries  (from 2015),PPS/kg of oil equivalent,2017,8.717
1438,Belgium,PPS/kg of oil equivalent,2017,6.102
1439,Bulgaria,PPS/kg of oil equivalent,2017,5.465
1440,Czechia,PPS/kg of oil equivalent,2017,6.499
1441,Denmark,PPS/kg of oil equivalent,2017,11.876
1442,Germany (until 1990 former territory of the FRG),PPS/kg of oil equivalent,2017,9.269
1443,Estonia,PPS/kg of oil equivalent,2017,5.031
1444,Ireland,PPS/kg of oil equivalent,2017,17.445
1445,Greece,PPS/kg of oil equivalent,2017,7.974
1446,Spain,PPS/kg of oil equivalent,2017,9.201
1447,France,PPS/kg of oil equivalent,2017,7.960
1448,Croatia,PPS/kg of oil equivalent,2017,8.540
1449,Italy,PPS/kg of oil equivalent,2017,10.682
1450,Cyprus,PPS/kg of oil equivalent,2017,7.945
1451,Latvia,PPS/kg of oil equivalent,2017,7.942
1452,Lithuania,PPS/kg of oil equivalent,2017,8.334
1453,Luxembourg,PPS/kg of oil equivalent,2017,10.629
1454,Hungary,PPS/kg of oil equivalent,2017,7.430
1455,Malta,PPS/kg of oil equivalent,2017,4.636
1456,Netherlands,PPS/kg of oil equivalent,2017,7.158
1457,Austria,PPS/kg of oil equivalent,2017,9.398
1458,Poland,PPS/kg of oil equivalent,2017,7.432
1459,Portugal,PPS/kg of oil equivalent,2017,9.191
1460,Romania,PPS/kg of oil equivalent,2017,10.878
1461,Slovenia,PPS/kg of oil equivalent,2017,7.341
1462,Slovakia,PPS/kg of oil equivalent,2017,6.514
1463,Finland,PPS/kg of oil equivalent,2017,5.202
1464,Sweden,PPS/kg of oil equivalent,2017,6.812
1465,Iceland,PPS/kg of oil equivalent,2017,2.175
1466,Norway,PPS/kg of oil equivalent,2017,7.548
1467,Switzerland,PPS/kg of oil equivalent,2017,:
1468,United Kingdom,PPS/kg of oil equivalent,2017,10.995
1469,Montenegro,PPS/kg of oil equivalent,2017,8.111
1470,North Macedonia,PPS/kg of oil equivalent,2017,8.097
1471,Albania,PPS/kg of oil equivalent,2017,10.465
1472,Serbia,PPS/kg of oil equivalent,2017,5.081
1473,Turkey,PPS/kg of oil equivalent,2017,10.277
1474,Bosnia and Herzegovina,PPS/kg of oil equivalent,2017,4.686
1475,Kosovo (under United Nations Security Council Resolution 1244/99),PPS/kg of oil equivalent,2017,:
1476,European Union - 27 countries (from 2020),euro/kg of oil equivalent,2018,8.103
1477,European Union - 28 countries (2013-2020),euro/kg of oil equivalent,2018,8.478
1478,Euro area - 19 countries  (from 2015),euro/kg of oil equivalent,2018,8.706
1479,Belgium,euro/kg of oil equivalent,2018,6.297
1480,Bulgaria,euro/kg of oil equivalent,2018,2.412
1481,Czechia,euro/kg of oil equivalent,2018,4.380
1482,Denmark,euro/kg of oil equivalent,2018,15.187
1483,Germany (until 1990 former territory of the FRG),euro/kg of oil equivalent,2018,9.351
1484,Estonia,euro/kg of oil equivalent,2018,3.066
1485,Ireland,euro/kg of oil equivalent,2018,18.582
1486,Greece,euro/kg of oil equivalent,2018,7.178
1487,Spain,euro/kg of oil equivalent,2018,8.463
1488,France,euro/kg of oil equivalent,2018,8.614
1489,Croatia,euro/kg of oil equivalent,2018,5.662
1490,Italy,euro/kg of oil equivalent,2018,10.136
1491,Cyprus,euro/kg of oil equivalent,2018,7.231
1492,Latvia,euro/kg of oil equivalent,2018,4.856
1493,Lithuania,euro/kg of oil equivalent,2018,4.670
1494,Luxembourg,euro/kg of oil equivalent,2018,11.280
1495,Hungary,euro/kg of oil equivalent,2018,4.640
1496,Malta,euro/kg of oil equivalent,2018,3.445
1497,Netherlands,euro/kg of oil equivalent,2018,8.057
1498,Austria,euro/kg of oil equivalent,2018,9.820
1499,Poland,euro/kg of oil equivalent,2018,4.454
1500,Portugal,euro/kg of oil equivalent,2018,7.531
1501,Romania,euro/kg of oil equivalent,2018,5.044
1502,Slovenia,euro/kg of oil equivalent,2018,5.930
1503,Slovakia,euro/kg of oil equivalent,2018,4.950
1504,Finland,euro/kg of oil equivalent,2018,5.765
1505,Sweden,euro/kg of oil equivalent,2018,8.423
1506,Iceland,euro/kg of oil equivalent,2018,2.072
1507,Norway,euro/kg of oil equivalent,2018,11.683
1508,Switzerland,euro/kg of oil equivalent,2018,:
1509,United Kingdom,euro/kg of oil equivalent,2018,11.505
1510,Montenegro,euro/kg of oil equivalent,2018,3.606
1511,North Macedonia,euro/kg of oil equivalent,2018,3.309
1512,Albania,euro/kg of oil equivalent,2018,:
1513,Serbia,euro/kg of oil equivalent,2018,2.337
1514,Turkey,euro/kg of oil equivalent,2018,6.315
1515,Bosnia and Herzegovina,euro/kg of oil equivalent,2018,2.046
1516,Kosovo (under United Nations Security Council Resolution 1244/99),euro/kg of oil equivalent,2018,2.225
1517,European Union - 27 countries (from 2020),PPS/kg of oil equivalent,2018,8.876
1518,European Union - 28 countries (2013-2020),PPS/kg of oil equivalent,2018,9.139
1519,Euro area - 19 countries  (from 2015),PPS/kg of oil equivalent,2018,9.085
1520,Belgium,PPS/kg of oil equivalent,2018,6.331
1521,Bulgaria,PPS/kg of oil equivalent,2018,5.718
1522,Czechia,PPS/kg of oil equivalent,2018,6.793
1523,Denmark,PPS/kg of oil equivalent,2018,12.191
1524,Germany (until 1990 former territory of the FRG),PPS/kg of oil equivalent,2018,9.752
1525,Estonia,PPS/kg of oil equivalent,2018,5.021
1526,Ireland,PPS/kg of oil equivalent,2018,18.540
1527,Greece,PPS/kg of oil equivalent,2018,8.300
1528,Spain,PPS/kg of oil equivalent,2018,9.392
1529,France,PPS/kg of oil equivalent,2018,8.256
1530,Croatia,PPS/kg of oil equivalent,2018,9.100
1531,Italy,PPS/kg of oil equivalent,2018,11.061
1532,Cyprus,PPS/kg of oil equivalent,2018,8.227
1533,Latvia,PPS/kg of oil equivalent,2018,8.329
1534,Lithuania,PPS/kg of oil equivalent,2018,8.593
1535,Luxembourg,PPS/kg of oil equivalent,2018,10.672
1536,Hungary,PPS/kg of oil equivalent,2018,7.901
1537,Malta,PPS/kg of oil equivalent,2018,4.788
1538,Netherlands,PPS/kg of oil equivalent,2018,7.631
1539,Austria,PPS/kg of oil equivalent,2018,10.051
1540,Poland,PPS/kg of oil equivalent,2018,7.684
1541,Portugal,PPS/kg of oil equivalent,2018,9.808
1542,Romania,PPS/kg of oil equivalent,2018,11.490
1543,Slovenia,PPS/kg of oil equivalent,2018,7.744
1544,Slovakia,PPS/kg of oil equivalent,2018,6.826
1545,Finland,PPS/kg of oil equivalent,2018,5.284
1546,Sweden,PPS/kg of oil equivalent,2018,6.988
1547,Iceland,PPS/kg of oil equivalent,2018,2.096
1548,Norway,PPS/kg of oil equivalent,2018,7.951
1549,Switzerland,PPS/kg of oil equivalent,2018,:
1550,United Kingdom,PPS/kg of oil equivalent,2018,11.272
1551,Montenegro,PPS/kg of oil equivalent,2018,8.461
1552,North Macedonia,PPS/kg of oil equivalent,2018,9.081
1553,Albania,PPS/kg of oil equivalent,2018,11.045
1554,Serbia,PPS/kg of oil equivalent,2018,5.401
1555,Turkey,PPS/kg of oil equivalent,2018,10.466
1556,Bosnia and Herzegovina,PPS/kg of oil equivalent,2018,4.495
1557,Kosovo (under United Nations Security Council Resolution 1244/99),PPS/kg of oil equivalent,2018,:
1558,European Union - 27 countries (from 2020),euro/kg of oil equivalent,2019,8.369
1559,European Union - 28 countries (2013-2020),euro/kg of oil equivalent,2019,8.756
1560,Euro area - 19 countries  (from 2015),euro/kg of oil equivalent,2019,8.965
1561,Belgium,euro/kg of oil equivalent,2019,6.357
1562,Bulgaria,euro/kg of oil equivalent,2019,2.522
1563,Czechia,euro/kg of oil equivalent,2019,4.548
1564,Denmark,euro/kg of oil equivalent,2019,16.020
1565,Germany (until 1990 former territory of the FRG),euro/kg of oil equivalent,2019,9.702
1566,Estonia,euro/kg of oil equivalent,2019,4.169
1567,Ireland,euro/kg of oil equivalent,2019,19.636
1568,Greece,euro/kg of oil equivalent,2019,7.298
1569,Spain,euro/kg of oil equivalent,2019,8.848
1570,France,euro/kg of oil equivalent,2019,8.865
1571,Croatia,euro/kg of oil equivalent,2019,5.746
1572,Italy,euro/kg of oil equivalent,2019,10.270
1573,Cyprus,euro/kg of oil equivalent,2019,7.437
1574,Latvia,euro/kg of oil equivalent,2019,4.843
1575,Lithuania,euro/kg of oil equivalent,2019,4.897
1576,Luxembourg,euro/kg of oil equivalent,2019,11.451
1577,Hungary,euro/kg of oil equivalent,2019,4.855
1578,Malta,euro/kg of oil equivalent,2019,3.506
1579,Netherlands,euro/kg of oil equivalent,2019,8.263
1580,Austria,euro/kg of oil equivalent,2019,9.761
1581,Poland,euro/kg of oil equivalent,2019,4.795
1582,Portugal,euro/kg of oil equivalent,2019,7.708
1583,Romania,euro/kg of oil equivalent,2019,5.327
1584,Slovenia,euro/kg of oil equivalent,2019,6.255
1585,Slovakia,euro/kg of oil equivalent,2019,5.081
1586,Finland,euro/kg of oil equivalent,2019,5.946
1587,Sweden,euro/kg of oil equivalent,2019,8.781
1588,Iceland,euro/kg of oil equivalent,2019,2.205
1589,Norway,euro/kg of oil equivalent,2019,12.785
1590,Switzerland,euro/kg of oil equivalent,2019,:
1591,United Kingdom,euro/kg of oil equivalent,2019,11.884
1592,Montenegro,euro/kg of oil equivalent,2019,:
1593,North Macedonia,euro/kg of oil equivalent,2019,3.113
1594,Albania,euro/kg of oil equivalent,2019,:
1595,Serbia,euro/kg of oil equivalent,2019,2.454
1596,Turkey,euro/kg of oil equivalent,2019,6.289
1597,Bosnia and Herzegovina,euro/kg of oil equivalent,2019,2.176
1598,Kosovo (under United Nations Security Council Resolution 1244/99),euro/kg of oil equivalent,2019,2.258
1599,European Union - 27 countries (from 2020),PPS/kg of oil equivalent,2019,9.325
1600,European Union - 28 countries (2013-2020),PPS/kg of oil equivalent,2019,9.595
1601,Euro area - 19 countries  (from 2015),PPS/kg of oil equivalent,2019,9.497
1602,Belgium,PPS/kg of oil equivalent,2019,6.497
1603,Bulgaria,PPS/kg of oil equivalent,2019,6.085
1604,Czechia,PPS/kg of oil equivalent,2019,7.169
1605,Denmark,PPS/kg of oil equivalent,2019,13.051
1606,Germany (until 1990 former territory of the FRG),PPS/kg of oil equivalent,2019,10.161
1607,Estonia,PPS/kg of oil equivalent,2019,6.908
1608,Ireland,PPS/kg of oil equivalent,2019,19.631
1609,Greece,PPS/kg of oil equivalent,2019,8.527
1610,Spain,PPS/kg of oil equivalent,2019,9.954
1611,France,PPS/kg of oil equivalent,2019,8.811
1612,Croatia,PPS/kg of oil equivalent,2019,9.368
1613,Italy,PPS/kg of oil equivalent,2019,11.381
1614,Cyprus,PPS/kg of oil equivalent,2019,8.455
1615,Latvia,PPS/kg of oil equivalent,2019,8.323
1616,Lithuania,PPS/kg of oil equivalent,2019,9.099
1617,Luxembourg,PPS/kg of oil equivalent,2019,11.095
1618,Hungary,PPS/kg of oil equivalent,2019,8.344
1619,Malta,PPS/kg of oil equivalent,2019,5.001
1620,Netherlands,PPS/kg of oil equivalent,2019,7.883
1621,Austria,PPS/kg of oil equivalent,2019,10.077
1622,Poland,PPS/kg of oil equivalent,2019,8.374
1623,Portugal,PPS/kg of oil equivalent,2019,10.244
1624,Romania,PPS/kg of oil equivalent,2019,12.680
1625,Slovenia,PPS/kg of oil equivalent,2019,8.359
1626,Slovakia,PPS/kg of oil equivalent,2019,7.006
1627,Finland,PPS/kg of oil equivalent,2019,5.530
1628,Sweden,PPS/kg of oil equivalent,2019,7.387
1629,Iceland,PPS/kg of oil equivalent,2019,2.273
1630,Norway,PPS/kg of oil equivalent,2019,8.436
1631,Switzerland,PPS/kg of oil equivalent,2019,:
1632,United Kingdom,PPS/kg of oil equivalent,2019,11.774
1633,Montenegro,PPS/kg of oil equivalent,2019,8.770
1634,North Macedonia,PPS/kg of oil equivalent,2019,8.652
1635,Albania,PPS/kg of oil equivalent,2019,11.516
1636,Serbia,PPS/kg of oil equivalent,2019,5.720
1637,Turkey,PPS/kg of oil equivalent,2019,10.135
1638,Bosnia and Herzegovina,PPS/kg of oil equivalent,2019,4.859
1639,Kosovo (under United Nations Security Council Resolution 1244/99),PPS/kg of oil equivalent,2019,:
